TEAM_ID,TEAM_NAME,GP,W,L,W_PCT,MIN,FGM,FGA,FG_PCT,FG3M,FG3A,FG3_PCT,FTM,FTA,FT_PCT,OREB,DREB,REB,AST,TOV,STL,BLK,BLKA,PF,PFD,PTS,PLUS_MINUS,GP_RANK,W_RANK,L_RANK,W_PCT_RANK,MIN_RANK,FGM_RANK,FGA_RANK,FG_PCT_RANK,FG3M_RANK,FG3A_RANK,FG3_PCT_RANK,FTM_RANK,FTA_RANK,FT_PCT_RANK,OREB_RANK,DREB_RANK,REB_RANK,AST_RANK,TOV_RANK,STL_RANK,BLK_RANK,BLKA_RANK,PF_RANK,PFD_RANK,PTS_RANK,PLUS_MINUS_RANK,Season,Month,SeasonType
1610612737,Atlanta Hawks,4,2,2,0.5,49.3,41.3,94.0,0.439,11.3,40.8,0.276,22.8,30.3,0.752,13.0,35.3,48.3,27.5,17.5,9.3,7.3,5.3,26.8,23.0,116.5,-5.0,13,15,13,15,2,13,5,20,25,14,31,11,9,20,17,6,8,10,15,17,4,19,30,20,13,22,2025-26,1,Pre Season
1610612738,Boston Celtics,4,3,1,0.75,48.0,39.5,88.0,0.449,14.5,47.0,0.309,25.0,30.3,0.826,15.8,37.0,52.8,24.8,21.3,11.3,8.3,3.0,26.5,24.8,118.5,12.3,13,7,4,5,10,20,19,18,10,1,23,5,9,3,4,4,1,19,31,7,1,2,28,12,11,5,2025-26,1,Pre Season
1610612751,Brooklyn Nets,4,2,2,0.5,49.3,41.3,83.5,0.494,15.8,36.8,0.429,20.5,28.0,0.732,14.0,32.3,46.3,27.5,24.0,7.5,3.0,6.8,26.5,27.3,118.8,6.8,13,15,13,15,2,13,27,5,5,20,1,19,16,22,10,22,14,10,34,31,31,27,28,3,10,10,2025-26,1,Pre Season
1610612766,Charlotte Hornets,5,2,3,0.4,48.0,42.0,92.4,0.455,16.2,44.8,0.362,20.4,27.4,0.745,14.4,35.4,49.8,26.8,19.4,8.0,3.2,6.0,17.8,22.6,120.6,0.2,6,15,24,20,10,6,7,17,4,8,8,22,20,21,8,5,6,16,29,27,30,24,3,24,7,18,2025-26,1,Pre Season
1610612741,Chicago Bulls,5,3,2,0.6,48.0,42.8,89.2,0.48,12.4,40.8,0.304,22.2,31.0,0.716,11.4,37.6,49.0,31.0,18.2,8.6,5.4,4.2,24.0,25.6,120.2,0.2,6,7,13,12,10,4,13,10,20,13,26,13,6,26,24,3,7,1,20,24,18,8,18,10,8,18,2025-26,1,Pre Season
1610612739,Cleveland Cavaliers,4,1,3,0.25,48.0,39.3,92.8,0.423,15.0,46.3,0.324,20.0,29.3,0.684,13.5,28.0,41.5,27.5,17.8,14.0,6.5,5.0,25.5,26.0,113.5,-5.3,13,22,24,23,10,21,6,27,8,3,19,23,13,31,13,31,30,10,17,1,6,15,25,6,21,23,2025-26,1,Pre Season
1610612742,Dallas Mavericks,4,3,1,0.75,48.0,40.5,88.5,0.458,11.3,36.5,0.308,22.0,27.8,0.793,10.3,39.8,50.0,29.5,15.5,10.0,8.0,4.5,18.3,22.3,114.3,13.3,13,7,4,5,10,18,17,16,25,21,24,14,18,10,27,1,5,4,5,11,2,11,5,26,18,4,2025-26,1,Pre Season
1610612743,Denver Nuggets,5,3,2,0.6,48.0,37.6,80.0,0.47,12.6,35.4,0.356,21.2,27.6,0.768,8.8,33.6,42.4,24.2,17.2,9.2,3.8,4.4,22.6,23.8,109.0,1.2,6,7,13,12,10,26,32,13,19,25,12,17,19,15,32,14,27,24,14,20,27,10,14,13,27,16,2025-26,1,Pre Season
1610612765,Detroit Pistons,4,2,2,0.5,48.0,41.5,83.3,0.498,11.8,33.0,0.356,19.8,29.3,0.675,12.0,32.8,44.8,27.5,19.3,11.5,7.0,6.8,26.3,25.8,114.5,3.3,13,15,13,15,10,11,28,3,23,32,11,26,13,33,21,18,19,10,28,6,5,27,27,8,17,13,2025-26,1,Pre Season
1610612744,Golden State Warriors,5,3,2,0.6,48.0,41.2,87.4,0.471,16.6,45.4,0.366,16.4,21.4,0.766,9.6,33.2,42.8,29.8,22.0,9.8,4.2,3.2,23.2,21.0,115.4,1.6,6,7,13,12,10,15,22,11,3,7,7,32,32,16,29,16,23,3,32,13,22,4,16,32,15,15,2025-26,1,Pre Season
15018,Guangzhou Loong-Lions,3,0,3,0.0,48.0,27.0,74.3,0.363,10.3,34.0,0.304,21.3,26.0,0.821,6.7,20.0,26.7,16.3,21.0,9.7,2.7,7.7,22.0,23.7,85.7,-46.0,30,30,24,30,10,34,34,33,28,28,26,15,24,4,33,34,34,34,30,15,32,31,10,14,34,34,2025-26,1,Pre Season
50014,Hapoel Jerusalem B.C.,1,0,1,0.0,48.0,28.0,77.0,0.364,6.0,29.0,0.207,26.0,37.0,0.703,13.0,25.0,38.0,18.0,15.0,10.0,2.0,4.0,17.0,28.0,88.0,-35.0,32,30,4,30,10,33,33,32,34,34,33,2,1,28,17,32,33,33,2,11,33,7,1,1,33,32,2025-26,1,Pre Season
1610612745,Houston Rockets,4,4,0,1.0,48.0,45.3,92.0,0.492,14.3,38.0,0.375,26.0,30.5,0.852,14.0,34.3,48.3,27.5,16.0,10.5,6.3,4.8,17.8,23.3,130.8,10.5,13,2,1,1,10,2,8,6,12,19,4,2,8,1,10,11,8,10,8,9,9,13,2,17,1,6,2025-26,1,Pre Season
1610612754,Indiana Pacers,4,2,2,0.5,49.3,40.8,89.0,0.458,15.8,44.8,0.352,18.5,23.0,0.804,13.3,32.3,45.5,28.3,22.5,10.5,5.5,5.5,28.0,22.3,115.8,-7.3,13,15,13,15,2,17,14,15,5,9,13,27,30,7,15,22,17,8,33,9,15,22,32,26,14,26,2025-26,1,Pre Season
1610612746,LA Clippers,4,3,1,0.75,48.0,41.8,81.8,0.511,12.3,36.3,0.338,17.0,24.5,0.694,10.5,34.8,45.3,30.3,16.0,9.3,5.8,1.8,18.3,22.3,112.8,15.0,13,7,4,5,10,7,31,1,21,22,15,31,29,30,26,9,18,2,8,17,12,1,5,26,23,3,2025-26,1,Pre Season
1610612747,Los Angeles Lakers,6,1,5,0.167,48.0,35.0,81.8,0.428,11.7,35.5,0.329,22.3,29.0,0.77,11.0,31.5,42.5,22.2,18.3,8.0,5.5,4.3,19.3,23.0,104.0,-9.5,1,22,33,29,10,31,30,25,24,23,17,12,15,14,25,25,24,31,21,27,15,9,7,20,29,28,2025-26,1,Pre Season
15016,Melbourne United,1,0,1,0.0,48.0,36.0,91.0,0.396,12.0,41.0,0.293,13.0,20.0,0.65,13.0,35.0,48.0,23.0,18.0,7.0,1.0,8.0,18.0,22.0,97.0,-10.0,32,30,4,30,10,30,10,31,22,12,29,34,33,34,17,8,10,28,18,32,34,33,4,29,31,30,2025-26,1,Pre Season
1610612763,Memphis Grizzlies,5,1,4,0.2,48.0,38.4,89.0,0.431,17.4,46.6,0.373,23.4,32.2,0.727,13.2,30.8,44.0,24.6,17.6,8.8,4.0,5.2,25.8,26.0,117.6,-10.6,6,22,31,28,10,24,14,22,1,2,5,8,5,24,16,27,21,20,16,22,24,18,26,6,12,31,2025-26,1,Pre Season
1610612748,Miami Heat,6,0,6,0.0,48.8,38.8,91.0,0.427,9.8,31.0,0.317,23.3,30.8,0.757,12.8,34.7,47.5,24.5,18.3,8.0,4.2,7.2,25.3,25.7,110.8,-9.3,1,30,34,30,9,22,10,26,30,33,20,9,7,18,20,10,11,21,21,27,23,30,24,9,24,27,2025-26,1,Pre Season
1610612749,Milwaukee Bucks,4,3,1,0.75,48.0,38.5,82.3,0.468,17.3,42.5,0.406,20.5,28.0,0.732,5.3,35.3,40.5,24.5,16.5,8.5,4.0,3.3,24.8,22.0,114.8,4.5,13,7,4,5,10,23,29,14,2,11,3,19,16,22,34,6,32,21,11,25,24,5,21,29,16,11,2025-26,1,Pre Season
1610612750,Minnesota Timberwolves,6,2,4,0.333,49.7,42.7,87.7,0.487,14.5,33.8,0.429,20.0,26.3,0.759,12.0,33.8,45.8,27.5,19.2,9.2,4.8,6.0,23.7,22.5,119.8,7.0,1,15,31,21,1,5,21,7,10,29,1,23,23,17,21,13,16,10,27,21,19,24,17,25,9,9,2025-26,1,Pre Season
1610612740,New Orleans Pelicans,4,2,2,0.5,48.0,45.5,91.8,0.496,9.5,33.8,0.281,21.3,26.0,0.817,13.5,32.5,46.0,24.5,15.8,9.3,5.5,5.3,23.0,21.5,121.8,9.0,13,15,13,15,10,1,9,4,31,30,30,16,24,5,13,21,15,21,7,17,15,19,15,31,5,7,2025-26,1,Pre Season
1610612752,New York Knicks,5,4,1,0.8,49.0,37.0,90.4,0.409,13.2,44.4,0.297,18.4,25.8,0.713,14.6,32.2,46.8,22.8,15.6,9.8,3.6,5.0,22.4,23.6,105.6,3.4,6,2,4,4,7,27,12,30,17,10,28,28,26,27,7,24,13,30,6,13,28,15,11,15,28,12,2025-26,1,Pre Season
1610612760,Oklahoma City Thunder,6,4,2,0.667,48.0,38.3,88.5,0.433,15.3,46.0,0.333,17.5,22.0,0.795,9.3,34.2,43.5,25.0,17.2,11.8,5.7,5.7,22.5,20.5,109.5,0.3,1,2,13,10,10,25,17,21,7,4,16,29,31,8,31,12,22,18,13,5,14,23,13,34,26,17,2025-26,1,Pre Season
1610612753,Orlando Magic,4,4,0,1.0,48.0,41.8,88.8,0.47,12.8,35.5,0.359,30.3,36.5,0.829,19.0,33.5,52.5,25.8,18.8,8.0,7.8,4.5,24.5,27.8,126.5,15.3,13,2,1,1,10,7,16,12,18,23,10,1,2,2,2,15,2,17,24,27,3,11,19,2,2,2,2025-26,1,Pre Season
1610612755,Philadelphia 76ers,4,1,3,0.25,48.0,36.5,88.0,0.415,9.0,34.8,0.259,21.0,26.5,0.792,12.0,30.5,42.5,21.8,18.8,12.0,5.8,5.3,25.0,22.8,103.0,-9.5,13,22,24,23,10,29,19,29,32,26,32,18,21,11,21,28,24,32,24,3,12,19,22,22,30,28,2025-26,1,Pre Season
1610612756,Phoenix Suns,4,3,1,0.75,49.3,41.8,94.5,0.442,13.3,40.8,0.325,17.5,25.8,0.68,14.0,28.5,42.5,28.0,16.0,12.5,6.5,5.0,29.8,23.3,114.3,8.5,13,7,4,5,2,7,4,19,16,14,18,29,27,32,10,30,24,9,8,2,6,15,33,17,18,8,2025-26,1,Pre Season
1610612757,Portland Trail Blazers,4,1,3,0.25,48.0,41.5,97.0,0.428,14.0,45.5,0.308,24.8,34.5,0.717,19.0,32.8,51.8,23.0,19.0,9.5,4.5,3.8,32.0,26.3,121.8,-3.8,13,22,24,23,10,11,2,24,13,6,25,6,3,25,2,18,4,28,26,16,21,6,34,5,5,21,2025-26,1,Pre Season
1610612758,Sacramento Kings,4,1,3,0.25,48.0,41.0,85.0,0.482,10.8,34.5,0.312,20.5,26.5,0.774,9.5,32.8,42.3,23.3,17.0,8.3,4.8,4.8,24.5,23.3,113.3,-6.5,13,22,24,23,10,16,26,8,27,27,21,19,21,12,30,18,28,27,12,26,20,13,19,17,22,24,2025-26,1,Pre Season
1610612759,San Antonio Spurs,5,5,0,1.0,49.0,43.6,87.4,0.499,14.0,38.8,0.361,23.2,30.0,0.773,14.2,33.2,47.4,29.2,18.4,10.6,5.8,3.0,22.4,25.0,124.4,17.0,6,1,1,1,7,3,22,2,13,18,9,10,11,13,9,16,12,6,23,8,11,2,11,11,3,1,2025-26,1,Pre Season
50013,South East Melbourne Phoenix,1,0,1,0.0,48.0,35.0,103.0,0.34,8.0,46.0,0.174,14.0,20.0,0.7,20.0,22.0,42.0,24.0,11.0,7.0,6.0,8.0,21.0,21.0,92.0,-35.0,32,30,4,30,10,31,1,34,33,4,34,33,33,29,1,33,29,25,1,32,10,33,8,32,32,32,2025-26,1,Pre Season
1610612761,Toronto Raptors,6,4,2,0.667,48.0,40.3,95.5,0.422,13.7,39.7,0.345,19.8,25.0,0.793,14.8,29.8,44.7,29.5,15.0,12.0,4.0,7.8,27.3,23.5,114.2,1.7,1,2,13,10,10,19,3,28,15,17,14,25,28,9,5,29,20,4,2,3,24,32,31,16,20,14,2025-26,1,Pre Season
1610612762,Utah Jazz,4,1,3,0.25,49.3,41.8,87.0,0.48,14.8,40.3,0.366,24.3,29.8,0.815,10.0,31.5,41.5,28.5,15.3,8.8,3.3,6.8,25.0,22.8,122.5,-6.8,13,22,24,23,2,7,24,9,9,16,6,7,12,6,28,25,30,7,4,23,29,27,22,22,4,25,2025-26,1,Pre Season
1610612764,Washington Wizards,3,1,2,0.333,48.0,37.0,86.0,0.43,10.3,33.3,0.31,25.7,34.0,0.755,14.7,37.7,52.3,23.7,18.0,6.3,6.3,6.0,21.3,26.3,110.0,-1.7,30,22,13,21,10,27,25,23,28,31,22,4,4,19,6,2,3,26,18,34,8,24,9,4,25,20,2025-26,1,Pre Season
1610612737,Atlanta Hawks,6,3,3,0.5,48.0,43.0,90.8,0.473,11.3,33.0,0.343,18.8,24.7,0.764,10.8,31.7,42.5,28.5,12.2,8.7,5.0,3.5,22.3,21.5,116.2,-2.2,1,9,14,13,12,10,10,15,25,20,20,21,21,21,18,18,19,7,2,14,13,3,17,21,18,19,2025-26,1,Regular Season
1610612738,Boston Celtics,6,3,3,0.5,48.0,41.3,93.0,0.444,15.7,47.8,0.328,15.0,19.3,0.776,13.3,31.5,44.8,22.0,11.8,8.7,6.0,4.0,24.3,19.7,113.3,6.0,1,9,14,13,12,17,5,25,4,1,25,29,30,16,8,21,13,29,1,14,5,7,23,26,25,8,2025-26,1,Regular Season
1610612751,Brooklyn Nets,5,0,5,0.0,48.0,40.6,89.0,0.456,15.0,42.4,0.354,17.6,22.0,0.8,12.6,26.2,38.8,24.4,15.8,6.6,1.4,5.6,25.4,22.8,113.8,-14.0,12,28,28,28,12,20,14,18,11,6,14,24,25,11,11,30,28,22,14,28,30,24,27,15,22,29,2025-26,1,Regular Season
1610612766,Charlotte Hornets,5,2,3,0.4,48.0,44.0,88.8,0.495,15.4,38.2,0.403,20.6,27.0,0.763,11.8,34.0,45.8,28.6,17.0,7.4,4.2,4.2,21.4,23.0,124.0,-0.4,12,17,14,18,12,5,17,7,7,15,5,19,14,22,13,10,12,5,25,24,21,11,9,14,4,15,2025-26,1,Regular Season
1610612741,Chicago Bulls,5,5,0,1.0,48.0,44.0,87.4,0.503,13.6,33.8,0.402,21.2,27.0,0.785,10.2,36.6,46.8,30.6,16.2,7.6,4.4,4.6,22.2,22.6,122.8,8.8,12,2,1,1,12,5,21,6,14,18,6,15,14,14,20,4,9,1,17,22,19,16,16,17,6,6,2025-26,1,Regular Season
1610612739,Cleveland Cavaliers,6,3,3,0.5,48.0,38.8,86.2,0.451,15.2,43.5,0.349,20.8,28.3,0.735,10.2,30.5,40.7,25.0,16.2,9.8,4.8,3.5,21.3,23.8,113.7,-1.0,1,9,14,13,12,26,23,22,10,4,17,17,11,25,22,22,26,18,16,6,14,3,8,10,23,17,2025-26,1,Regular Season
1610612742,Dallas Mavericks,5,2,3,0.4,48.0,37.6,84.4,0.445,9.2,28.8,0.319,23.4,30.2,0.775,8.6,34.8,43.4,23.2,17.0,7.6,5.2,5.2,21.2,25.6,107.8,-7.6,12,17,14,18,12,29,27,24,30,30,28,6,6,17,27,7,15,25,25,22,12,20,7,3,30,26,2025-26,1,Regular Season
1610612743,Denver Nuggets,5,3,2,0.6,49.0,45.2,87.2,0.518,11.6,32.8,0.354,22.0,25.2,0.873,10.2,36.6,46.8,29.2,15.2,7.8,4.0,4.8,22.6,21.2,124.0,12.2,12,9,6,9,4,2,22,2,23,21,15,11,19,1,20,4,9,4,11,19,23,18,18,22,4,2,2025-26,1,Regular Season
1610612765,Detroit Pistons,5,3,2,0.6,48.0,40.6,92.0,0.441,11.2,32.6,0.344,22.6,29.2,0.774,15.4,33.2,48.6,25.2,16.8,8.8,7.6,5.4,28.2,25.0,115.0,0.8,12,9,6,9,12,20,8,27,26,22,19,9,9,18,2,11,5,17,21,11,1,23,30,6,20,13,2025-26,1,Regular Season
1610612744,Golden State Warriors,6,4,2,0.667,48.8,40.3,85.2,0.474,16.7,41.8,0.398,21.7,25.5,0.85,9.5,32.0,41.5,28.2,17.3,9.8,4.0,3.0,20.2,19.7,119.0,3.0,1,4,6,6,10,23,24,14,1,8,7,13,18,4,24,17,22,9,28,6,23,2,4,26,12,11,2025-26,1,Regular Season
1610612745,Houston Rockets,4,2,2,0.5,50.5,43.5,88.0,0.494,12.5,30.8,0.407,28.3,34.8,0.813,14.8,32.5,47.3,25.5,16.5,9.8,4.8,4.3,22.0,27.0,127.8,10.3,30,17,6,13,2,7,19,8,20,27,2,1,1,10,5,13,8,16,19,8,17,12,12,1,1,4,2025-26,1,Regular Season
1610612754,Indiana Pacers,5,0,5,0.0,50.0,38.6,98.0,0.394,13.4,43.0,0.312,21.6,30.2,0.715,15.0,34.8,49.8,22.6,14.0,5.8,4.8,4.4,26.0,24.8,112.2,-11.4,12,28,28,28,3,27,1,30,15,5,29,14,6,30,3,7,2,26,6,30,16,14,29,7,26,28,2025-26,1,Regular Season
1610612746,LA Clippers,5,3,2,0.6,48.0,40.8,83.0,0.492,12.6,35.4,0.356,17.0,19.8,0.859,11.0,31.6,42.6,24.8,17.2,10.0,5.4,3.8,18.2,20.0,111.2,-0.8,12,9,6,9,12,19,29,10,18,17,13,26,29,2,16,20,18,19,27,4,8,6,1,25,27,16,2025-26,1,Regular Season
1610612747,Los Angeles Lakers,6,4,2,0.667,48.0,41.7,79.7,0.523,9.8,30.3,0.324,24.3,31.2,0.781,8.7,32.3,41.0,26.0,18.0,7.8,3.5,4.2,19.2,24.2,117.5,1.2,1,4,6,6,12,15,30,1,29,28,27,5,4,15,26,15,25,14,29,18,26,9,2,9,16,12,2025-26,1,Regular Season
1610612763,Memphis Grizzlies,6,3,3,0.5,48.0,41.3,91.0,0.454,13.3,40.5,0.329,23.0,27.2,0.847,9.5,32.3,41.8,28.5,14.0,8.0,4.3,4.2,22.0,22.7,119.0,-3.0,1,9,14,13,12,17,9,20,16,11,24,8,13,5,24,15,20,7,6,17,20,9,12,16,12,20,2025-26,1,Regular Season
1610612748,Miami Heat,5,3,2,0.6,48.0,45.6,92.4,0.494,15.8,39.0,0.405,18.4,22.6,0.814,9.8,36.6,46.4,29.6,16.0,9.0,2.6,5.0,21.0,19.6,125.4,11.4,12,9,6,9,12,1,7,9,3,13,4,23,23,9,23,4,11,3,15,9,29,19,6,28,2,3,2025-26,1,Regular Season
1610612749,Milwaukee Bucks,5,4,1,0.8,48.0,45.2,88.4,0.511,15.6,39.4,0.396,15.8,21.8,0.725,8.0,33.2,41.2,26.6,14.8,8.6,5.4,3.6,23.0,20.2,121.8,6.8,12,4,4,4,12,2,18,3,5,12,8,28,27,29,30,11,23,12,9,16,8,5,20,24,7,7,2025-26,1,Regular Season
1610612750,Minnesota Timberwolves,5,2,3,0.4,48.0,40.6,85.0,0.478,12.6,32.6,0.387,20.4,26.6,0.767,10.8,29.2,40.0,22.6,15.6,7.8,6.2,4.0,25.0,22.0,114.2,-4.8,12,17,14,18,12,20,25,11,18,22,10,20,16,20,19,26,27,26,12,19,4,7,25,18,21,24,2025-26,1,Regular Season
1610612740,New Orleans Pelicans,5,0,5,0.0,49.0,37.4,89.4,0.418,10.8,33.2,0.325,22.4,29.2,0.767,13.8,27.4,41.2,21.2,14.6,8.8,2.8,8.4,20.6,24.4,108.0,-15.6,12,28,28,28,4,30,12,29,27,19,26,10,9,19,7,29,23,30,8,11,28,30,5,8,29,30,2025-26,1,Regular Season
1610612752,New York Knicks,5,2,3,0.4,48.0,38.4,90.6,0.424,15.4,44.8,0.344,21.2,25.6,0.828,15.0,32.4,47.4,23.8,15.0,7.2,3.6,5.2,22.0,21.8,113.4,-2.0,12,17,14,18,12,28,11,28,7,3,18,15,17,8,3,14,7,24,10,25,25,20,12,19,24,18,2025-26,1,Regular Season
1610612760,Oklahoma City Thunder,6,6,0,1.0,51.3,43.3,95.3,0.455,12.2,41.2,0.296,20.8,24.3,0.856,11.3,37.7,49.0,23.8,12.2,10.5,5.3,4.5,22.7,23.8,119.7,9.3,1,1,1,1,1,9,2,19,21,10,30,17,22,3,15,1,4,23,2,3,11,15,19,10,11,5,2025-26,1,Regular Season
1610612753,Orlando Magic,6,2,4,0.333,48.0,40.2,84.5,0.475,10.0,29.8,0.335,25.2,34.3,0.733,13.0,31.7,44.7,22.3,16.7,7.0,5.7,5.7,23.2,25.3,115.5,-4.5,1,17,23,23,12,25,26,12,28,29,22,4,2,26,10,18,14,28,20,26,6,25,21,4,19,22,2025-26,1,Regular Season
1610612755,Philadelphia 76ers,5,4,1,0.8,49.0,42.0,89.4,0.47,15.6,37.8,0.413,25.4,32.0,0.794,12.4,30.4,42.8,26.0,13.6,6.2,7.2,5.2,21.8,26.0,125.0,4.2,12,4,4,4,4,13,12,16,5,16,1,3,3,13,12,23,17,14,4,29,2,20,11,2,3,10,2025-26,1,Regular Season
1610612756,Phoenix Suns,6,2,4,0.333,48.8,41.5,92.7,0.448,16.0,45.7,0.35,17.3,21.8,0.794,13.2,29.8,43.0,27.0,16.8,10.0,5.5,4.3,25.5,21.7,116.3,-4.7,1,17,23,23,10,16,6,23,2,2,16,25,26,12,9,24,16,11,23,4,7,13,28,20,17,23,2025-26,1,Regular Season
1610612757,Portland Trail Blazers,6,4,2,0.667,48.0,41.8,94.2,0.444,14.3,42.3,0.339,23.2,27.8,0.832,14.0,27.7,41.7,27.2,16.8,12.0,4.8,6.7,23.3,23.7,121.2,4.5,1,4,6,6,12,14,3,26,12,7,21,7,12,7,6,28,21,10,23,1,14,28,22,12,8,9,2025-26,1,Regular Season
1610612758,Sacramento Kings,5,1,4,0.2,48.0,42.2,89.0,0.474,11.6,31.2,0.372,15.0,20.6,0.728,8.2,29.2,37.4,24.6,13.8,10.8,4.6,4.6,19.8,19.4,111.0,-5.8,12,26,23,26,12,11,14,13,23,25,12,29,28,28,29,26,30,21,5,2,18,16,3,29,28,25,2025-26,1,Regular Season
1610612759,San Antonio Spurs,5,5,0,1.0,49.0,42.2,83.2,0.507,12.0,31.6,0.38,21.8,29.8,0.732,11.6,37.6,49.2,24.8,16.2,8.8,7.0,2.4,21.6,23.6,118.2,14.4,12,2,1,1,4,11,28,4,22,24,11,12,8,27,14,2,3,19,17,11,3,1,10,13,15,1,2025-26,1,Regular Season
1610612761,Toronto Raptors,6,2,4,0.333,48.0,44.2,87.7,0.504,12.7,31.2,0.406,18.8,25.2,0.748,8.5,29.5,38.0,29.8,15.7,9.0,3.2,6.5,24.5,20.3,119.8,-3.5,1,17,23,23,12,4,20,5,17,26,3,21,20,23,28,25,29,2,13,9,27,27,24,23,10,21,2025-26,1,Regular Season
1610612762,Utah Jazz,5,2,3,0.4,49.0,40.2,89.0,0.452,13.8,41.2,0.335,26.0,30.8,0.844,16.0,34.8,50.8,28.6,19.0,7.8,4.2,5.8,22.0,25.2,120.2,0.0,12,17,14,18,4,24,14,21,13,9,23,2,5,6,1,7,1,5,30,19,21,26,12,5,9,14,2025-26,1,Regular Season
1610612764,Washington Wizards,5,1,4,0.2,49.0,43.4,94.0,0.462,15.2,39.0,0.39,16.4,22.2,0.739,11.0,37.6,48.6,26.6,16.8,6.8,5.4,6.8,25.2,18.6,118.4,-10.6,12,26,23,26,4,8,4,17,9,13,9,27,24,24,16,2,5,12,21,27,8,29,26,30,14,27,2025-26,1,Regular Season
1610612737,Atlanta Hawks,15,10,5,0.667,48.7,43.7,88.5,0.494,14.7,38.9,0.379,17.9,23.0,0.78,9.5,32.3,41.8,32.1,16.5,9.6,5.7,4.5,20.4,19.5,120.0,4.1,5,8,9,9,5,6,19,5,7,10,8,26,25,18,26,14,24,1,28,5,4,12,9,25,10,12,2025-26,2,Regular Season
1610612738,Boston Celtics,14,8,6,0.571,48.0,42.8,91.3,0.469,15.1,40.9,0.371,14.9,19.2,0.773,13.1,31.1,44.3,25.1,11.7,8.1,5.1,5.1,22.7,19.1,115.6,3.1,18,14,13,14,21,12,8,15,5,5,9,29,30,20,5,23,15,22,1,20,10,18,30,28,19,14,2025-26,2,Regular Season
1610612751,Brooklyn Nets,14,3,11,0.214,48.0,36.0,83.2,0.433,13.4,40.6,0.329,21.1,27.3,0.772,10.5,28.6,39.1,24.3,15.3,6.7,4.6,4.0,19.1,22.1,106.4,-9.8,18,27,22,27,21,30,30,30,14,6,26,8,6,21,22,30,30,25,19,28,20,3,4,7,30,27,2025-26,2,Regular Season
1610612766,Charlotte Hornets,15,4,11,0.267,48.7,39.5,89.6,0.44,13.5,41.3,0.326,20.7,24.3,0.854,12.4,31.7,44.1,24.6,15.3,6.5,5.0,4.1,18.3,21.3,113.1,-5.6,5,20,22,23,5,26,12,27,12,4,27,10,16,1,10,20,17,24,20,30,12,5,1,12,21,21,2025-26,2,Regular Season
1610612741,Chicago Bulls,14,4,10,0.286,48.7,42.9,92.6,0.463,14.7,40.4,0.364,18.4,23.2,0.791,10.3,35.6,45.9,29.0,14.6,7.5,5.5,6.6,20.6,19.7,118.9,-7.4,18,20,19,20,3,11,3,17,8,7,12,22,23,15,24,1,5,6,12,23,8,30,10,23,13,23,2025-26,2,Regular Season
1610612739,Cleveland Cavaliers,15,9,6,0.6,48.3,43.4,93.5,0.464,16.1,45.2,0.355,18.0,23.4,0.769,12.9,32.0,44.9,28.1,13.9,8.7,5.7,4.2,21.4,21.1,120.9,4.9,5,13,13,13,13,8,1,16,1,1,16,23,22,24,8,16,10,9,6,16,4,8,20,16,6,11,2025-26,2,Regular Season
1610612742,Dallas Mavericks,16,4,12,0.25,48.9,39.6,89.3,0.443,12.0,37.3,0.322,19.8,26.4,0.751,10.9,34.3,45.2,24.2,16.0,8.8,6.3,5.2,21.4,21.8,110.9,-5.1,1,20,26,25,2,25,13,24,24,16,28,14,7,27,20,5,9,26,25,13,1,21,21,11,27,20,2025-26,2,Regular Season
1610612743,Denver Nuggets,14,11,3,0.786,48.0,44.7,88.0,0.508,14.1,34.8,0.405,21.6,26.2,0.823,12.1,33.2,45.3,29.6,13.9,6.7,3.9,4.1,18.9,22.5,125.1,8.9,18,4,5,6,21,3,24,2,11,22,3,6,8,6,12,8,8,5,5,28,26,7,2,5,1,5,2025-26,2,Regular Season
1610612765,Detroit Pistons,15,13,2,0.867,48.3,44.7,88.7,0.504,11.3,30.9,0.364,20.6,28.0,0.736,12.7,32.9,45.7,26.9,15.6,10.1,5.5,4.7,21.7,22.9,121.3,7.5,5,2,2,2,13,2,17,3,27,28,11,11,3,29,9,10,7,15,22,3,9,16,24,4,5,8,2025-26,2,Regular Season
1610612744,Golden State Warriors,15,7,8,0.467,48.0,39.0,88.2,0.442,15.5,45.1,0.344,19.2,23.6,0.814,11.9,31.7,43.7,27.1,15.8,9.9,4.6,4.1,21.3,19.4,112.7,0.1,5,16,16,16,21,27,23,25,2,2,22,18,21,8,13,20,19,13,24,4,18,5,17,26,22,16,2025-26,2,Regular Season
1610612745,Houston Rockets,13,11,2,0.846,48.4,44.2,92.4,0.478,12.5,30.9,0.405,18.8,24.5,0.77,17.2,32.8,50.0,25.5,15.1,9.5,4.9,5.2,20.1,21.3,119.7,12.2,28,4,2,3,9,5,5,11,20,29,2,19,15,22,1,12,1,20,16,6,14,22,6,13,11,2,2025-26,2,Regular Season
1610612754,Indiana Pacers,15,4,11,0.267,48.0,38.7,89.1,0.435,11.2,35.1,0.319,20.3,25.6,0.792,11.5,32.2,43.7,23.9,14.7,7.3,5.6,4.7,22.5,21.9,108.9,-8.0,5,20,22,23,21,29,15,29,29,20,29,13,12,14,16,15,18,29,13,25,6,15,28,10,29,25,2025-26,2,Regular Season
1610612746,LA Clippers,15,2,13,0.133,48.7,38.9,84.1,0.463,13.0,36.1,0.36,21.1,25.1,0.843,9.1,31.1,40.3,23.5,15.6,7.9,4.7,4.2,21.3,20.1,112.0,-7.6,5,29,29,29,7,28,28,18,18,18,15,7,13,3,28,24,28,30,22,22,16,8,17,20,24,24,2025-26,2,Regular Season
1610612747,Los Angeles Lakers,13,11,2,0.846,48.0,42.7,84.0,0.508,12.4,34.3,0.361,22.8,28.3,0.807,9.8,31.2,41.1,26.1,15.0,9.3,3.9,3.2,20.2,23.2,120.6,5.7,28,4,2,3,21,14,29,1,22,23,13,2,2,9,25,22,25,18,15,8,27,1,7,3,9,9,2025-26,2,Regular Season
1610612763,Memphis Grizzlies,15,6,9,0.4,48.3,39.8,90.9,0.438,13.1,38.6,0.34,18.4,23.2,0.793,13.1,35.1,48.2,28.9,14.9,7.0,4.7,5.9,19.1,20.4,111.1,-3.2,5,17,18,18,13,24,10,28,17,12,24,21,24,12,6,2,2,7,14,27,16,28,3,18,26,18,2025-26,2,Regular Season
1610612748,Miami Heat,15,10,5,0.667,48.3,44.3,93.1,0.476,12.3,34.1,0.36,22.0,27.9,0.788,10.8,35.1,45.9,30.3,14.1,9.2,4.9,5.5,20.1,22.3,122.9,3.3,5,8,9,9,13,4,2,13,23,24,14,3,5,16,21,3,6,3,9,9,15,24,5,6,3,13,2025-26,2,Regular Season
1610612749,Milwaukee Bucks,16,5,11,0.313,48.6,42.1,86.7,0.486,15.5,37.4,0.415,13.8,19.6,0.701,8.4,31.1,39.5,27.2,14.4,8.2,4.0,4.6,21.9,18.5,113.5,-5.0,1,19,22,19,8,16,27,8,3,15,1,30,29,30,30,25,29,12,10,19,24,13,25,29,20,19,2025-26,2,Regular Season
1610612750,Minnesota Timberwolves,15,10,5,0.667,48.3,43.1,88.0,0.489,14.9,38.7,0.386,19.7,26.0,0.759,11.1,33.5,44.6,27.7,15.1,8.9,4.5,4.2,21.5,22.1,120.8,8.3,5,8,9,9,13,9,24,6,6,11,5,15,9,26,19,6,13,10,17,12,21,8,22,8,8,6,2025-26,2,Regular Season
1610612740,New Orleans Pelicans,16,3,13,0.188,48.3,41.3,90.1,0.458,11.7,33.3,0.351,18.0,23.6,0.762,13.2,29.9,43.1,23.9,15.3,9.3,3.7,5.8,20.9,20.1,112.2,-9.4,1,27,29,28,19,21,11,22,26,26,18,23,20,25,4,29,23,27,18,7,28,26,14,21,23,26,2025-26,2,Regular Season
1610612752,New York Knicks,14,11,3,0.786,48.0,44.9,92.3,0.486,15.3,40.0,0.382,17.9,22.6,0.792,13.9,32.3,46.1,28.4,13.2,8.8,4.5,4.0,20.7,20.7,122.9,10.9,18,4,5,6,21,1,6,7,4,8,7,27,26,13,3,13,4,8,3,15,22,3,11,17,4,3,2025-26,2,Regular Season
1610612760,Oklahoma City Thunder,15,14,1,0.933,48.0,43.7,87.1,0.501,14.1,36.0,0.393,21.7,26.0,0.836,8.5,34.8,43.3,27.2,12.9,10.4,5.6,3.6,21.1,22.1,123.2,17.9,5,1,1,1,21,6,26,4,10,19,4,4,9,5,29,4,21,11,2,2,6,2,15,8,2,1,2025-26,2,Regular Season
1610612753,Orlando Magic,14,10,4,0.714,48.4,42.1,88.5,0.476,11.9,33.9,0.352,24.6,29.1,0.848,11.7,33.1,44.9,26.9,14.0,9.1,5.1,5.1,21.2,23.3,120.9,9.4,18,8,8,8,11,15,18,12,25,25,17,1,1,2,15,9,11,14,8,10,10,20,16,2,7,4,2025-26,2,Regular Season
1610612755,Philadelphia 76ers,14,6,8,0.429,49.1,41.9,91.1,0.46,12.5,36.6,0.342,19.5,23.9,0.817,11.9,32.8,44.6,25.9,15.6,8.6,6.1,4.8,21.4,20.0,115.7,-2.4,18,17,16,17,1,18,9,21,21,17,23,16,19,7,14,11,12,19,21,17,2,17,19,22,18,17,2025-26,2,Regular Season
1610612756,Phoenix Suns,15,10,5,0.667,48.0,42.1,88.5,0.476,14.7,38.0,0.386,18.0,22.5,0.801,13.1,30.5,43.5,24.9,16.1,10.9,3.9,4.6,22.1,19.4,116.8,5.7,5,8,9,9,21,17,19,14,9,13,6,23,27,11,6,28,20,23,26,1,25,14,26,26,15,10,2025-26,2,Regular Season
1610612757,Portland Trail Blazers,14,4,10,0.286,48.4,40.9,92.6,0.442,13.4,42.4,0.317,21.7,28.0,0.776,15.8,31.9,47.6,23.9,16.6,7.4,5.0,6.0,21.6,24.1,117.0,-6.1,18,20,19,20,11,22,4,26,13,3,30,5,3,19,2,19,3,28,29,24,12,29,23,1,14,22,2025-26,2,Regular Season
1610612758,Sacramento Kings,16,4,12,0.25,48.3,41.3,89.3,0.463,10.8,30.8,0.35,18.6,24.2,0.77,9.4,31.0,40.4,26.4,13.9,8.3,3.3,5.1,20.9,20.3,112.0,-12.8,1,20,26,25,19,20,13,19,30,30,20,20,18,23,27,26,27,16,7,18,30,19,13,19,24,29,2025-26,2,Regular Season
1610612759,San Antonio Spurs,14,8,6,0.571,48.0,42.7,88.2,0.484,13.3,37.9,0.35,20.4,24.2,0.841,11.3,32.0,43.3,26.3,14.6,8.9,4.2,4.5,20.4,21.1,119.1,2.0,18,14,13,14,21,13,22,9,15,14,19,12,17,4,17,16,22,17,11,11,23,11,8,14,12,15,2025-26,2,Regular Season
1610612761,Toronto Raptors,15,12,3,0.8,48.3,43.0,88.9,0.484,11.3,32.5,0.347,19.4,24.9,0.78,11.2,33.4,44.6,29.7,13.7,8.8,4.6,5.3,20.7,19.7,116.7,7.9,5,3,5,5,18,10,16,10,27,27,21,17,14,17,18,7,13,4,4,14,18,23,12,24,17,7,2025-26,2,Regular Season
1610612762,Utah Jazz,14,4,10,0.286,48.7,41.4,91.5,0.452,13.2,39.9,0.331,20.9,25.9,0.807,12.4,31.9,44.3,30.3,16.4,7.9,3.6,5.6,22.6,21.1,116.8,-10.4,18,20,19,20,3,19,7,23,16,9,25,9,11,10,11,18,15,2,27,21,29,25,29,14,16,28,2025-26,2,Regular Season
1610612764,Washington Wizards,13,1,12,0.077,48.4,40.8,88.3,0.462,12.8,34.9,0.368,15.8,21.2,0.746,10.3,30.7,41.0,25.2,16.8,7.2,5.8,5.8,22.2,17.6,110.2,-16.9,28,30,26,30,10,23,21,20,19,21,10,28,28,28,23,27,26,21,30,26,3,27,27,30,28,30,2025-26,2,Regular Season
1610612737,Atlanta Hawks,14,3,11,0.214,48.0,44.3,93.2,0.475,15.4,41.0,0.376,15.8,19.9,0.795,10.1,30.8,40.9,31.6,15.0,8.7,3.9,5.1,19.2,17.6,119.8,-5.6,1,28,29,29,17,7,3,11,5,5,7,28,28,12,24,25,27,1,21,12,26,18,9,29,10,25,2025-26,3,Regular Season
1610612738,Boston Celtics,12,9,3,0.75,48.0,43.8,88.8,0.493,15.9,42.8,0.372,16.7,20.6,0.81,11.4,31.5,42.9,23.3,12.9,8.4,5.5,3.2,19.6,19.7,120.3,9.8,23,3,1,2,17,9,23,5,3,2,11,26,27,9,18,23,22,29,6,14,8,1,10,17,8,2,2025-26,3,Regular Season
1610612751,Brooklyn Nets,11,7,4,0.636,48.0,39.7,85.0,0.467,15.3,41.7,0.366,17.2,21.2,0.811,10.3,32.4,42.6,28.3,16.9,8.7,4.9,4.1,20.3,18.5,111.9,7.3,30,8,3,8,17,25,27,18,7,4,15,23,25,8,23,19,24,9,28,11,12,6,15,25,26,4,2025-26,3,Regular Season
1610612766,Charlotte Hornets,13,5,8,0.385,48.4,41.3,89.9,0.459,16.5,41.8,0.395,16.5,21.4,0.773,11.5,32.9,44.4,27.9,15.7,7.6,4.8,4.6,20.1,20.6,115.7,-1.4,14,23,21,24,10,21,20,23,1,3,3,27,24,19,17,13,16,10,24,21,15,14,14,13,18,18,2025-26,3,Regular Season
1610612741,Chicago Bulls,14,7,7,0.5,48.0,43.0,90.6,0.475,13.6,38.8,0.35,17.6,22.9,0.769,11.1,33.9,45.0,29.4,14.6,7.7,4.2,5.5,17.4,18.7,117.1,-4.1,1,8,15,13,17,14,15,12,16,10,20,20,17,21,20,5,12,3,18,20,24,25,2,24,16,23,2025-26,3,Regular Season
1610612739,Cleveland Cavaliers,14,7,7,0.5,48.4,44.5,95.1,0.468,14.0,40.9,0.343,17.9,21.6,0.828,12.7,33.6,46.4,28.4,13.1,8.8,4.4,4.8,20.6,19.3,120.9,1.4,1,8,15,13,13,6,1,17,9,6,24,16,23,3,6,8,4,8,9,10,20,17,19,21,7,13,2025-26,3,Regular Season
1610612742,Dallas Mavericks,13,6,7,0.462,48.8,46.3,90.9,0.509,10.1,27.2,0.37,16.8,22.2,0.757,9.7,34.5,44.2,27.4,14.2,6.5,6.2,3.9,17.8,19.4,119.5,-1.2,14,16,15,18,3,1,12,2,29,30,12,24,20,25,26,3,17,12,15,29,4,3,3,20,11,17,2025-26,3,Regular Season
1610612743,Denver Nuggets,14,9,5,0.643,48.7,45.4,88.7,0.511,14.6,35.0,0.416,20.3,24.9,0.814,8.6,33.4,41.9,29.1,12.1,7.1,3.7,4.5,18.8,21.6,125.6,3.6,1,3,7,6,5,3,24,1,8,23,1,8,11,7,30,9,25,5,1,26,29,12,5,5,1,11,2025-26,3,Regular Season
1610612765,Detroit Pistons,13,9,4,0.692,48.4,43.4,91.5,0.474,10.6,31.6,0.336,20.8,28.1,0.74,14.9,31.9,46.8,27.2,15.4,10.5,6.4,6.6,23.0,22.8,118.2,7.5,14,3,3,4,10,11,7,13,26,26,27,7,3,30,2,21,3,13,23,2,3,30,30,2,14,3,2025-26,3,Regular Season
1610612744,Golden State Warriors,13,7,6,0.538,48.4,41.7,89.7,0.465,16.0,43.3,0.369,17.9,21.8,0.82,11.9,32.6,44.5,29.1,16.2,9.2,4.6,4.4,20.7,19.8,117.3,4.1,14,8,11,11,10,19,21,19,2,1,13,15,21,5,12,17,15,6,26,6,18,10,22,16,15,9,2025-26,3,Regular Season
1610612745,Houston Rockets,13,7,6,0.538,49.2,45.0,89.1,0.505,11.3,29.0,0.39,17.8,23.1,0.773,15.4,32.7,48.1,25.8,17.5,7.8,6.5,4.5,19.1,20.8,119.2,4.5,14,8,11,11,1,4,22,3,25,28,5,17,15,20,1,16,2,19,29,19,1,11,7,12,12,8,2025-26,3,Regular Season
1610612754,Indiana Pacers,14,2,12,0.143,48.0,39.6,87.4,0.453,12.7,36.2,0.351,18.6,24.1,0.774,10.1,29.5,39.6,24.1,13.4,7.6,4.8,4.6,22.2,20.4,110.5,-9.4,1,30,30,30,17,26,26,26,21,19,19,13,13,18,24,30,30,25,11,23,13,13,27,14,27,29,2025-26,3,Regular Season
1610612746,LA Clippers,12,6,6,0.5,48.0,38.9,81.3,0.479,13.6,36.0,0.377,21.3,25.5,0.833,9.4,30.5,39.9,23.4,14.5,9.2,4.4,4.8,18.8,20.3,112.7,4.8,23,16,11,13,17,30,30,9,15,20,6,5,10,1,27,27,29,27,17,5,21,16,6,15,23,7,2025-26,3,Regular Season
1610612747,Los Angeles Lakers,12,5,7,0.417,48.0,40.4,84.6,0.478,12.0,35.4,0.339,19.6,26.2,0.748,11.2,29.6,40.8,22.8,14.8,7.3,4.4,4.3,20.3,21.3,112.4,-7.8,23,23,15,23,17,24,28,10,24,22,25,11,7,29,19,28,28,30,20,24,21,9,16,10,24,28,2025-26,3,Regular Season
1610612763,Memphis Grizzlies,12,6,6,0.5,48.4,43.8,90.8,0.482,13.4,35.7,0.376,19.3,24.8,0.781,10.4,35.3,45.8,29.4,16.3,9.0,6.1,4.7,20.7,21.5,120.3,3.7,23,16,11,13,8,10,14,7,18,21,8,12,12,16,22,2,6,4,27,9,5,15,20,6,8,10,2025-26,3,Regular Season
1610612748,Miami Heat,13,5,8,0.385,48.0,43.3,93.2,0.465,12.8,34.8,0.367,17.6,22.4,0.787,11.6,33.8,45.4,26.9,12.8,9.1,4.8,5.2,16.9,18.5,117.0,0.5,14,23,21,24,17,12,2,20,19,24,14,19,19,14,14,6,9,14,4,8,15,20,1,26,17,15,2025-26,3,Regular Season
1610612749,Milwaukee Bucks,13,5,8,0.385,48.0,39.3,83.1,0.473,13.8,36.6,0.376,16.7,21.8,0.767,8.8,32.5,41.2,24.6,15.8,7.6,3.9,3.8,19.8,19.2,109.1,-3.9,14,23,21,24,17,28,29,15,11,16,9,25,22,23,29,18,26,23,25,21,27,2,11,22,29,22,2025-26,3,Regular Season
1610612750,Minnesota Timberwolves,14,9,5,0.643,48.7,41.8,90.4,0.462,13.5,39.3,0.344,21.1,27.9,0.757,11.5,33.7,45.2,26.7,12.9,8.3,5.9,3.9,21.0,21.4,118.2,2.9,1,3,7,6,5,18,16,21,17,7,23,6,4,24,16,7,10,15,5,15,6,4,23,7,13,12,2025-26,3,Regular Season
1610612740,New Orleans Pelicans,14,5,9,0.357,48.7,44.7,93.1,0.48,9.6,28.7,0.333,23.2,28.1,0.825,11.6,33.1,44.6,26.6,13.0,8.6,4.6,5.2,20.0,21.4,122.2,-2.4,1,23,27,27,5,5,4,8,30,29,28,2,2,4,15,12,14,16,8,13,19,19,13,7,3,19,2025-26,3,Regular Season
1610612752,New York Knicks,14,10,4,0.714,48.0,44.1,90.2,0.489,15.7,38.6,0.407,18.3,23.0,0.795,12.7,32.9,45.6,27.5,13.1,7.9,4.1,4.3,21.1,18.9,122.1,5.2,1,2,3,3,17,8,19,6,4,12,2,14,16,11,6,14,8,11,9,17,25,7,24,23,4,6,2025-26,3,Regular Season
1610612760,Oklahoma City Thunder,13,9,4,0.692,48.0,45.5,90.2,0.505,13.8,36.8,0.374,17.2,21.2,0.815,9.2,34.5,43.6,25.5,12.6,10.5,5.4,4.1,19.2,18.4,122.1,13.2,14,3,3,4,17,2,18,4,11,14,10,22,26,6,28,3,19,21,2,2,9,5,8,27,5,1,2025-26,3,Regular Season
1610612753,Orlando Magic,14,7,7,0.5,48.4,41.4,91.4,0.453,10.5,32.6,0.322,19.6,26.0,0.755,11.8,33.4,45.1,26.6,12.8,7.9,5.1,5.3,21.3,21.3,112.9,-3.4,1,8,15,13,13,20,9,27,27,25,30,10,8,26,13,9,11,16,3,17,11,21,25,9,22,20,2025-26,3,Regular Season
1610612755,Philadelphia 76ers,12,7,5,0.583,48.4,39.3,92.8,0.423,13.8,38.8,0.354,21.4,25.8,0.829,13.9,31.8,45.8,23.4,12.9,9.1,5.1,5.8,19.8,20.8,113.7,1.4,23,8,7,9,8,29,5,30,13,9,18,3,9,2,3,22,6,27,6,7,10,27,12,11,20,14,2025-26,3,Regular Season
1610612756,Phoenix Suns,12,7,5,0.583,48.0,42.1,92.0,0.457,12.8,36.7,0.348,15.3,19.3,0.793,13.3,29.6,42.9,25.4,14.7,10.8,3.8,5.3,20.7,19.6,112.3,-1.2,23,8,7,9,17,16,6,24,20,15,21,29,29,13,4,28,22,22,19,1,28,22,20,18,25,16,2025-26,3,Regular Season
1610612757,Portland Trail Blazers,14,6,8,0.429,48.4,39.5,87.5,0.451,14.0,39.1,0.358,20.2,26.9,0.751,12.6,32.1,44.8,24.1,18.6,7.1,4.8,6.4,22.8,22.9,113.2,-5.7,1,16,21,20,13,27,25,28,9,8,17,9,6,28,8,20,13,25,30,26,13,29,28,1,21,26,2025-26,3,Regular Season
1610612758,Sacramento Kings,12,3,9,0.25,48.8,41.0,90.3,0.454,10.1,29.9,0.337,17.7,23.4,0.754,12.6,30.7,43.3,24.3,15.3,9.7,5.8,5.3,20.3,18.3,109.8,-11.6,23,28,27,28,2,22,17,25,28,27,26,18,14,27,10,26,21,24,22,4,7,22,16,28,28,30,2025-26,3,Regular Season
1610612759,San Antonio Spurs,14,11,3,0.786,48.0,43.2,91.2,0.474,13.7,38.1,0.36,21.3,27.4,0.776,12.4,35.8,48.1,26.2,13.4,6.9,4.4,4.3,18.1,21.8,121.4,6.4,1,1,1,1,17,13,10,14,14,13,16,4,5,17,11,1,1,18,13,28,23,7,4,4,6,5,2025-26,3,Regular Season
1610612761,Toronto Raptors,14,6,8,0.429,48.4,40.9,91.4,0.448,12.1,36.4,0.332,14.3,18.3,0.781,12.8,31.2,44.0,28.7,14.4,8.2,4.7,5.7,21.3,19.5,108.2,-3.7,1,16,21,20,13,23,8,29,23,18,29,30,30,15,5,24,18,7,16,16,17,26,25,19,30,21,2025-26,3,Regular Season
1610612762,Utah Jazz,13,6,7,0.462,48.8,42.9,90.8,0.473,15.3,38.8,0.395,23.3,29.2,0.799,10.8,32.8,43.6,30.9,13.8,7.2,2.9,6.4,22.9,22.8,124.5,-5.2,14,16,15,18,3,15,13,16,6,11,4,1,1,10,21,15,19,2,14,25,30,28,29,2,2,24,2025-26,3,Regular Season
1610612764,Washington Wizards,14,6,8,0.429,48.0,41.9,91.1,0.46,12.6,36.4,0.347,17.6,22.9,0.769,12.6,33.1,45.8,25.5,13.4,6.4,6.4,5.4,20.4,17.0,114.1,-6.7,1,16,21,20,17,17,11,22,22,17,22,20,17,21,8,11,5,20,11,30,2,24,18,30,19,27,2025-26,3,Regular Season
1610612737,Atlanta Hawks,16,8,8,0.5,48.0,42.0,92.8,0.453,14.8,39.9,0.369,14.1,18.6,0.758,9.9,33.5,43.4,29.4,13.2,10.2,4.3,6.1,19.1,16.3,112.8,-1.6,8,16,18,17,11,12,2,22,7,8,9,28,28,25,23,11,17,7,8,3,24,27,19,30,16,20,2025-26,4,Regular Season
1610612738,Boston Celtics,16,10,6,0.625,48.6,42.8,92.7,0.462,15.8,41.6,0.378,13.7,17.1,0.799,12.7,34.3,46.9,24.0,11.8,6.9,5.1,4.8,16.8,17.5,115.1,7.4,8,4,5,6,4,7,3,18,4,3,5,29,29,8,8,7,5,28,3,24,13,12,4,25,10,2,2025-26,4,Regular Season
1610612751,Brooklyn Nets,17,3,14,0.176,48.9,37.1,85.5,0.434,13.5,39.4,0.342,16.5,21.5,0.768,11.2,28.8,40.1,24.6,13.8,8.0,4.8,5.8,19.1,17.9,104.2,-10.9,1,28,29,29,1,30,25,30,15,10,21,20,18,22,15,30,29,23,13,20,15,23,18,23,30,29,2025-26,4,Regular Season
1610612766,Charlotte Hornets,17,11,6,0.647,48.0,42.0,87.6,0.479,15.8,40.6,0.389,17.3,21.1,0.821,12.8,35.4,48.2,27.4,15.5,5.9,4.2,4.9,18.3,18.9,117.1,11.0,1,1,5,5,11,12,23,9,3,6,4,15,20,2,7,4,2,10,24,30,25,15,12,14,6,1,2025-26,4,Regular Season
1610612741,Chicago Bulls,16,8,8,0.5,48.0,43.0,89.3,0.482,16.1,41.1,0.391,13.6,17.1,0.799,8.8,35.6,44.4,30.8,13.3,6.6,5.1,4.3,17.5,16.4,115.7,1.5,8,16,18,17,11,4,14,6,2,5,2,30,30,9,27,2,13,1,9,27,12,6,7,29,9,14,2025-26,4,Regular Season
1610612739,Cleveland Cavaliers,15,10,5,0.667,48.0,43.9,89.1,0.492,13.8,36.9,0.374,16.4,21.3,0.769,11.8,33.1,44.9,29.9,15.9,8.5,5.2,4.7,18.5,18.9,117.9,3.5,17,4,3,4,11,2,15,3,10,15,7,21,19,21,11,13,12,4,28,12,11,10,14,15,3,8,2025-26,4,Regular Season
1610612742,Dallas Mavericks,15,7,8,0.467,48.0,43.0,90.2,0.477,11.3,31.5,0.358,17.6,24.6,0.715,10.2,36.3,46.5,25.1,14.2,7.2,4.6,5.8,16.1,20.3,114.9,0.8,17,20,18,20,11,4,9,10,24,29,17,13,3,29,20,1,7,18,15,23,18,24,1,3,11,18,2025-26,4,Regular Season
1610612743,Denver Nuggets,16,10,6,0.625,48.3,38.6,83.3,0.463,13.6,34.9,0.39,19.1,24.2,0.788,7.4,31.7,39.1,25.1,10.9,6.4,4.7,5.1,17.9,19.6,109.8,-0.9,8,4,5,6,8,29,30,17,13,20,3,6,6,14,30,20,30,19,1,29,16,17,8,5,26,19,2025-26,4,Regular Season
1610612765,Detroit Pistons,14,10,4,0.714,48.0,41.4,88.4,0.469,11.1,32.4,0.344,18.2,23.6,0.77,11.6,32.4,44.1,26.6,15.7,11.6,6.9,6.0,21.0,19.3,112.2,7.1,27,4,1,2,11,17,21,14,26,27,20,10,11,20,12,17,14,14,26,1,1,25,30,9,19,4,2025-26,4,Regular Season
1610612744,Golden State Warriors,16,9,7,0.563,48.0,42.9,91.4,0.47,17.3,47.1,0.366,15.8,20.1,0.788,10.1,31.3,41.4,30.7,14.1,10.8,4.6,4.3,18.0,18.6,118.9,3.8,8,11,12,14,11,6,6,13,1,1,11,24,24,13,22,22,24,2,14,2,20,6,9,17,2,7,2025-26,4,Regular Season
1610612745,Houston Rockets,17,10,7,0.588,48.3,40.9,92.5,0.442,10.2,31.7,0.321,15.9,22.8,0.7,16.4,33.6,50.0,24.1,13.5,8.7,6.2,4.8,16.6,18.3,107.9,1.5,1,4,12,12,9,19,4,29,29,28,29,22,14,30,1,9,1,27,10,11,6,13,3,20,29,13,2025-26,4,Regular Season
1610612754,Indiana Pacers,15,7,8,0.467,48.0,41.5,89.1,0.466,13.6,36.2,0.376,15.3,20.1,0.762,9.2,34.3,43.5,29.8,15.1,7.7,4.4,4.7,20.2,19.1,112.0,-4.8,17,20,18,20,11,16,15,16,14,17,6,25,23,24,26,6,15,6,21,22,22,10,26,12,20,24,2025-26,4,Regular Season
1610612746,LA Clippers,15,11,4,0.733,48.3,40.0,83.3,0.48,13.1,35.8,0.367,20.5,24.2,0.848,9.8,30.8,40.6,23.5,14.2,8.9,4.6,5.7,16.9,18.9,113.7,2.9,17,1,1,1,6,26,29,7,16,19,10,1,5,1,24,24,28,29,15,10,18,22,5,15,13,11,2025-26,4,Regular Season
1610612747,Los Angeles Lakers,16,9,7,0.563,48.0,42.1,84.9,0.496,12.4,34.0,0.366,19.2,25.4,0.756,9.5,32.8,42.3,25.9,13.8,8.1,4.2,3.3,17.4,19.4,115.8,0.9,8,11,12,14,11,11,27,1,19,22,12,5,1,26,25,16,20,15,12,18,27,2,6,8,8,17,2025-26,4,Regular Season
1610612763,Memphis Grizzlies,14,3,11,0.214,48.0,41.3,92.1,0.448,13.0,39.4,0.33,15.9,19.9,0.796,13.4,31.9,45.3,28.6,15.9,7.7,5.3,4.9,19.0,18.1,111.4,-5.3,27,28,25,28,11,18,5,26,17,9,26,23,26,10,3,19,11,8,29,21,10,14,17,21,22,25,2025-26,4,Regular Season
1610612748,Miami Heat,17,8,9,0.471,48.0,42.1,95.1,0.443,14.0,40.0,0.35,19.1,24.2,0.788,13.2,34.2,47.4,27.8,15.4,9.2,3.8,5.5,18.8,20.1,117.3,-2.7,1,16,24,19,11,9,1,28,9,7,19,7,7,12,4,8,3,9,23,8,29,20,16,4,4,21,2025-26,4,Regular Season
1610612749,Milwaukee Bucks,12,4,8,0.333,48.0,39.9,85.3,0.468,13.8,37.2,0.37,14.8,20.0,0.742,8.4,32.8,41.3,26.7,13.2,6.6,4.3,3.8,18.3,17.3,108.4,-7.3,30,25,18,24,11,27,26,15,12,14,8,27,25,27,28,15,26,13,6,26,23,4,11,26,27,26,2025-26,4,Regular Season
1610612750,Minnesota Timberwolves,16,10,6,0.625,48.0,44.4,89.8,0.494,14.9,38.0,0.393,16.7,23.1,0.724,11.5,35.3,46.8,26.9,15.3,9.6,6.2,3.5,20.4,19.1,120.4,7.4,8,4,5,6,11,1,10,2,5,13,1,19,13,28,13,5,6,12,22,6,5,3,29,13,1,2,2025-26,4,Regular Season
1610612740,New Orleans Pelicans,16,5,11,0.313,48.0,41.8,91.2,0.458,10.9,33.0,0.33,17.4,22.4,0.777,13.1,32.3,45.3,24.9,14.5,9.0,6.6,6.2,18.5,18.6,111.8,-4.4,8,24,25,25,11,15,7,21,27,25,27,14,16,17,6,18,10,21,17,9,3,29,13,17,21,23,2025-26,4,Regular Season
1610612752,New York Knicks,15,7,8,0.467,48.0,40.6,89.7,0.453,13.8,38.5,0.359,15.1,19.6,0.772,13.9,33.3,47.2,25.5,14.9,8.3,4.2,5.4,19.3,17.8,110.1,2.9,17,20,18,20,11,21,11,23,10,11,15,26,27,19,2,12,4,17,19,15,26,18,20,24,24,10,2025-26,4,Regular Season
1610612760,Oklahoma City Thunder,15,9,6,0.6,48.3,41.9,87.3,0.48,12.1,35.9,0.338,20.2,24.8,0.815,8.2,33.5,41.7,24.4,11.5,8.5,6.9,4.7,18.5,22.1,116.1,7.1,17,11,5,9,6,14,24,8,22,18,22,2,2,4,29,10,21,25,2,13,2,9,14,1,7,5,2025-26,4,Regular Season
1610612753,Orlando Magic,13,6,7,0.462,48.4,40.8,88.8,0.46,12.2,34.2,0.358,19.5,24.0,0.811,10.7,30.8,41.5,27.3,13.8,8.5,4.9,6.2,19.5,20.4,113.4,-4.3,29,23,12,23,5,20,18,19,20,21,16,4,8,5,18,26,22,11,11,14,14,28,22,2,15,22,2025-26,4,Regular Season
1610612755,Philadelphia 76ers,17,10,7,0.588,48.9,42.8,88.5,0.483,12.1,33.5,0.36,19.6,24.4,0.802,11.0,30.4,41.4,24.9,13.2,10.0,5.7,5.1,19.7,19.2,117.2,2.4,1,4,12,12,1,8,20,4,23,23,14,3,4,7,16,27,23,20,7,4,7,16,23,10,5,12,2025-26,4,Regular Season
1610612756,Phoenix Suns,16,11,5,0.688,48.0,40.4,87.9,0.459,14.9,41.1,0.362,16.9,21.0,0.804,12.1,31.3,43.3,24.1,14.8,9.6,4.2,3.2,19.9,18.4,112.5,6.4,8,1,3,3,11,23,22,20,6,4,13,18,21,6,10,23,18,26,18,6,27,1,24,19,18,6,2025-26,4,Regular Season
1610612757,Portland Trail Blazers,15,9,6,0.6,48.0,40.2,89.4,0.45,14.4,43.1,0.334,18.0,23.6,0.763,13.2,33.0,46.2,23.1,15.7,8.1,4.7,6.3,16.1,19.5,112.8,1.1,17,11,5,9,11,25,13,24,8,2,24,11,12,23,5,14,8,30,27,17,17,30,1,6,17,16,2025-26,4,Regular Season
1610612758,Sacramento Kings,17,4,13,0.235,48.0,40.3,84.8,0.475,10.2,29.0,0.351,17.6,22.5,0.785,11.0,30.4,41.4,24.5,15.0,6.4,4.5,4.1,20.3,17.2,108.4,-8.4,1,25,28,27,11,24,28,11,29,30,18,12,15,15,16,28,25,24,20,28,21,5,27,27,28,27,2025-26,4,Regular Season
1610612759,San Antonio Spurs,15,8,7,0.533,48.0,39.9,88.7,0.45,12.5,38.5,0.324,18.3,23.7,0.775,10.1,35.6,45.7,25.8,12.1,6.7,5.3,5.5,18.1,19.5,110.5,3.1,17,16,12,16,11,28,19,25,18,11,28,9,10,18,21,3,9,16,4,25,9,21,10,6,23,9,2025-26,4,Regular Season
1610612761,Toronto Raptors,15,9,6,0.6,48.7,42.1,89.5,0.47,10.5,33.0,0.317,18.8,23.7,0.792,11.5,31.4,42.9,29.9,13.0,8.1,5.4,4.5,20.1,19.1,113.4,1.1,17,11,5,9,3,10,12,12,28,25,30,8,9,11,14,21,19,4,5,19,8,8,25,11,14,15,2025-26,4,Regular Season
1610612762,Utah Jazz,17,3,14,0.176,48.3,43.1,89.1,0.483,11.2,33.1,0.337,17.2,22.1,0.779,10.4,30.4,40.8,30.4,15.6,8.2,3.5,6.0,20.4,18.0,114.5,-13.4,1,28,29,29,9,3,17,5,25,24,23,16,17,16,19,28,27,3,25,16,30,25,28,22,12,30,2025-26,4,Regular Season
1610612764,Washington Wizards,15,4,11,0.267,48.0,40.5,90.7,0.446,12.2,36.8,0.332,17.0,20.7,0.82,12.7,30.8,43.5,24.7,16.2,9.6,6.3,5.4,19.5,16.5,110.1,-8.5,17,25,25,26,11,22,8,27,21,16,25,17,22,3,9,24,16,22,30,5,4,18,21,28,24,28,2025-26,4,Regular Season
1610612737,Atlanta Hawks,10,6,4,0.6,48.0,41.7,93.9,0.444,13.5,39.5,0.342,19.5,25.0,0.78,12.8,35.3,48.1,28.7,13.0,9.0,4.7,5.5,19.0,20.4,116.4,2.3,25,10,6,9,11,18,2,28,16,10,23,8,8,13,9,5,4,7,4,11,16,23,15,6,11,13,2025-26,5,Regular Season
1610612738,Boston Celtics,11,9,2,0.818,48.0,41.2,89.4,0.461,14.5,41.3,0.352,12.5,15.5,0.801,13.4,36.6,50.0,26.4,12.6,6.1,5.7,3.6,16.5,17.0,109.4,11.4,9,2,2,2,11,22,11,22,8,6,18,27,27,6,7,2,2,16,3,30,9,3,2,26,25,3,2025-26,5,Regular Season
1610612751,Brooklyn Nets,12,2,10,0.167,48.0,38.2,85.1,0.449,11.8,35.9,0.327,16.3,22.5,0.726,10.5,29.4,39.9,26.1,16.5,7.8,3.2,5.8,20.9,18.3,104.4,-16.0,1,26,29,29,11,29,27,25,24,20,27,22,19,29,20,27,28,18,27,24,30,25,27,23,29,29,2025-26,5,Regular Season
1610612766,Charlotte Hornets,11,8,3,0.727,48.0,39.4,88.4,0.445,18.8,47.2,0.399,17.6,20.8,0.847,15.2,33.4,48.5,25.4,16.7,8.3,4.0,4.6,18.5,18.1,115.2,9.2,9,4,4,4,11,26,20,27,1,2,1,19,25,1,1,8,3,21,28,18,21,14,12,25,16,6,2025-26,5,Regular Season
1610612741,Chicago Bulls,11,0,11,0.0,48.0,37.6,87.2,0.432,14.1,41.8,0.337,17.4,21.9,0.793,10.7,30.4,41.1,24.0,18.2,8.6,5.6,6.0,17.7,18.2,106.7,-17.3,9,30,30,30,11,30,26,29,11,5,25,20,20,8,19,25,24,26,29,15,11,27,8,24,28,30,2025-26,5,Regular Season
1610612739,Cleveland Cavaliers,11,8,3,0.727,48.5,44.0,88.4,0.498,13.4,36.2,0.369,19.5,24.9,0.785,11.9,31.7,43.6,28.9,13.7,10.0,5.5,4.3,17.5,20.5,120.9,10.9,9,4,4,4,6,3,20,3,18,18,9,6,9,11,10,17,13,6,12,6,12,6,6,5,3,4,2025-26,5,Regular Season
1610612742,Dallas Mavericks,10,2,8,0.2,48.0,42.8,88.9,0.481,9.4,27.9,0.337,20.7,28.7,0.721,10.0,32.3,42.3,24.2,13.4,7.1,3.8,5.2,15.6,21.6,115.7,-9.0,25,26,24,26,11,8,15,10,28,29,26,4,2,30,22,15,21,25,8,28,25,21,1,2,13,25,2025-26,5,Regular Season
1610612743,Denver Nuggets,11,4,7,0.364,49.4,42.7,89.7,0.476,13.9,37.5,0.37,23.0,29.6,0.776,11.4,35.9,47.3,29.0,14.9,8.1,4.0,5.1,19.7,23.5,122.4,5.0,9,20,21,21,1,9,10,14,14,14,8,1,1,14,15,4,7,5,20,22,21,19,20,1,2,10,2025-26,5,Regular Season
1610612765,Detroit Pistons,11,9,2,0.818,48.5,44.6,92.6,0.482,10.6,31.1,0.342,19.5,24.8,0.784,13.7,33.7,47.5,27.0,13.5,10.9,6.5,6.5,21.3,20.8,119.4,12.7,9,2,2,2,6,2,5,9,27,26,22,9,10,12,6,7,6,14,10,3,2,29,29,3,6,2,2025-26,5,Regular Season
1610612744,Golden State Warriors,10,4,6,0.4,48.0,41.6,89.0,0.467,16.3,47.6,0.342,10.7,14.0,0.764,11.2,31.4,42.6,31.0,15.8,9.8,3.7,4.9,19.0,13.4,110.2,-4.4,25,20,17,20,11,19,13,17,2,1,21,29,30,21,17,21,20,2,24,8,27,17,15,30,24,23,2025-26,5,Regular Season
1610612745,Houston Rockets,12,7,5,0.583,48.0,40.3,84.3,0.479,11.9,32.4,0.368,16.4,20.8,0.788,11.8,32.6,44.3,23.8,16.1,8.8,6.3,3.9,17.4,16.9,109.0,2.6,1,9,13,13,11,24,28,12,23,24,11,21,24,9,12,14,11,27,25,12,4,4,5,27,26,12,2025-26,5,Regular Season
1610612754,Indiana Pacers,11,2,9,0.182,48.5,42.2,88.8,0.475,14.5,39.9,0.364,16.3,21.2,0.768,8.3,31.7,40.0,29.4,15.1,8.2,3.5,4.9,19.7,18.4,115.2,-8.9,9,26,27,27,6,14,16,15,8,8,13,23,22,17,29,17,27,3,21,19,28,18,20,22,16,24,2025-26,5,Regular Season
1610612746,LA Clippers,11,5,6,0.455,48.0,39.1,79.9,0.489,8.4,25.7,0.325,21.1,26.8,0.786,8.6,33.2,41.8,22.9,15.4,7.8,4.9,4.4,18.2,20.4,107.6,-1.5,9,19,17,19,11,27,30,6,30,30,28,3,3,10,28,11,22,29,23,25,13,7,10,7,27,18,2025-26,5,Regular Season
1610612747,Los Angeles Lakers,12,6,6,0.5,48.0,41.5,82.7,0.502,11.3,31.0,0.363,18.5,24.7,0.75,8.0,31.3,39.3,25.6,14.1,7.7,4.0,3.6,17.3,19.9,112.8,0.2,1,10,17,17,11,20,29,1,26,27,14,14,12,25,30,22,29,19,15,26,21,2,4,9,20,16,2025-26,5,Regular Season
1610612763,Memphis Grizzlies,11,4,7,0.364,48.0,43.4,88.6,0.489,14.6,37.7,0.388,18.5,24.0,0.769,9.4,29.0,38.4,28.5,13.9,11.8,4.5,4.5,20.8,19.5,119.8,-3.5,9,20,21,21,11,6,18,5,7,13,4,15,14,16,26,29,30,9,13,1,17,10,26,12,5,22,2025-26,5,Regular Season
1610612748,Miami Heat,11,6,5,0.545,48.0,43.7,94.4,0.463,14.1,39.9,0.353,18.8,24.8,0.758,13.8,37.6,51.5,29.2,13.0,8.2,4.1,4.0,18.7,19.3,120.4,9.7,9,10,13,14,30,4,1,20,11,8,17,12,10,22,5,1,1,4,4,19,20,5,13,13,4,5,2025-26,5,Regular Season
1610612749,Milwaukee Bucks,12,8,4,0.667,48.4,43.1,88.2,0.489,15.4,38.9,0.396,11.6,15.1,0.768,9.7,33.2,42.8,24.9,14.4,6.3,3.8,4.6,17.7,15.8,113.2,-1.6,1,4,6,6,9,7,22,7,5,12,2,28,28,18,24,12,18,24,17,29,26,12,7,28,19,19,2025-26,5,Regular Season
1610612750,Minnesota Timberwolves,10,6,4,0.6,48.0,43.4,88.5,0.49,13.4,36.5,0.367,18.4,25.3,0.727,11.7,31.6,43.3,25.0,14.9,8.7,6.5,3.5,20.6,19.9,118.6,0.9,25,10,6,9,11,5,19,4,17,17,12,16,7,28,13,19,14,22,19,13,3,1,25,10,7,15,2025-26,5,Regular Season
1610612740,New Orleans Pelicans,10,6,4,0.6,48.5,42.5,87.9,0.484,13.6,36.1,0.377,19.7,25.6,0.77,10.0,33.3,43.3,27.7,14.1,8.1,6.0,5.5,20.4,18.7,118.3,2.6,25,10,6,9,5,11,24,8,15,19,6,5,5,15,22,9,14,10,16,21,6,23,24,19,8,11,2025-26,5,Regular Season
1610612752,New York Knicks,12,8,4,0.667,49.3,42.4,88.9,0.477,14.4,39.1,0.369,16.3,21.2,0.768,9.7,34.0,43.7,28.7,12.2,7.3,4.0,4.4,19.8,19.3,115.5,7.3,1,4,6,6,2,12,14,13,10,11,10,24,23,20,24,6,12,8,2,27,21,8,23,15,14,7,2025-26,5,Regular Season
1610612760,Oklahoma City Thunder,12,8,4,0.667,48.4,41.2,89.3,0.461,15.7,40.0,0.392,18.2,22.8,0.799,11.8,33.3,45.1,26.4,14.6,9.9,4.8,5.9,16.7,20.2,116.2,6.9,1,4,6,6,9,23,12,21,3,7,3,18,18,7,11,10,10,15,18,7,15,26,3,8,12,8,2025-26,5,Regular Season
1610612753,Orlando Magic,11,6,5,0.545,48.9,39.9,87.9,0.454,13.3,37.4,0.355,18.6,23.2,0.804,9.1,31.8,40.9,26.3,13.0,10.5,5.8,5.1,19.8,19.2,111.7,1.9,9,10,13,14,3,25,23,24,19,15,15,13,17,5,27,16,25,17,4,5,7,19,22,17,22,14,2025-26,5,Regular Season
1610612755,Philadelphia 76ers,11,6,5,0.545,48.0,41.4,88.8,0.466,12.0,34.5,0.347,22.0,26.5,0.832,11.4,31.5,42.8,23.8,13.5,10.5,4.9,4.7,21.1,19.3,116.7,0.0,9,10,13,14,11,21,16,19,21,23,19,2,4,2,15,20,19,28,10,4,13,16,28,13,10,17,2025-26,5,Regular Season
1610612756,Phoenix Suns,11,4,7,0.364,48.9,38.5,92.9,0.414,15.3,44.2,0.346,10.5,14.1,0.748,14.3,29.0,43.3,22.5,12.1,8.6,3.4,6.0,19.4,14.8,102.7,-9.0,9,20,21,21,3,28,4,30,6,4,20,30,29,27,3,29,16,30,1,15,29,27,17,29,30,25,2025-26,5,Regular Season
1610612757,Portland Trail Blazers,12,6,6,0.5,48.0,42.6,91.3,0.466,15.5,45.5,0.341,16.2,21.6,0.749,15.1,30.9,46.0,27.1,18.7,8.0,6.1,4.4,18.9,20.5,116.8,-3.1,1,10,17,17,11,10,8,18,4,3,24,25,21,26,2,23,9,13,30,23,5,8,14,4,9,20,2025-26,5,Regular Season
1610612758,Sacramento Kings,11,2,9,0.182,48.0,41.7,93.5,0.446,8.9,31.0,0.287,19.2,23.5,0.818,14.0,29.3,43.3,25.5,13.3,9.3,4.5,4.6,17.7,18.5,111.5,-12.5,9,26,27,27,11,17,3,26,29,27,30,11,16,3,4,28,16,20,7,10,17,14,8,20,23,28,2025-26,5,Regular Season
1610612759,San Antonio Spurs,11,11,0,1.0,48.0,46.3,92.5,0.5,14.0,37.4,0.375,18.3,24.3,0.753,11.5,36.5,48.1,31.6,14.0,8.5,7.1,4.5,18.3,19.0,124.8,14.5,9,1,1,1,11,1,6,2,13,15,7,17,13,24,14,3,5,1,14,17,1,11,11,18,1,1,2025-26,5,Regular Season
1610612761,Toronto Raptors,10,6,4,0.6,48.0,42.0,87.7,0.479,12.0,31.4,0.382,19.3,24.0,0.804,11.0,30.7,41.7,27.4,13.5,9.4,5.7,5.3,19.7,19.2,115.3,5.5,25,10,6,9,11,15,25,11,21,25,5,10,14,4,18,24,23,11,9,9,10,22,19,16,15,9,2025-26,5,Regular Season
1610612762,Utah Jazz,11,3,8,0.273,48.0,41.9,92.1,0.455,11.5,35.9,0.322,19.5,25.5,0.768,13.0,33.1,46.1,27.4,16.3,11.4,4.2,6.6,21.4,19.7,114.9,-3.4,9,25,24,25,11,16,7,23,25,21,29,6,6,19,8,13,8,12,26,2,19,30,30,11,18,21,2025-26,5,Regular Season
1610612764,Washington Wizards,12,4,8,0.333,48.0,42.3,90.3,0.468,12.4,35.1,0.354,15.1,19.9,0.757,10.2,30.3,40.5,25.0,15.3,8.7,5.8,4.6,19.5,18.5,112.0,-12.1,1,20,24,24,11,13,9,16,20,22,16,26,26,23,21,26,26,22,22,14,8,12,18,21,21,27,2025-26,5,Regular Season
1610612737,Atlanta Hawks,15,13,2,0.867,48.3,45.4,92.0,0.493,15.3,40.5,0.377,16.5,21.2,0.777,12.5,31.7,44.3,30.2,13.5,9.4,4.5,3.9,18.8,18.3,122.5,12.1,19,4,2,4,5,1,1,8,5,9,6,25,23,16,7,18,11,5,13,7,15,5,9,28,3,2,2025-26,6,Regular Season
1610612738,Boston Celtics,16,11,5,0.688,48.0,38.9,87.7,0.444,14.5,41.3,0.351,17.8,21.1,0.843,12.4,36.4,48.8,24.2,12.8,5.7,4.0,4.1,17.9,18.5,110.1,5.7,9,6,5,5,14,28,18,29,7,6,20,19,25,1,8,3,2,27,6,30,25,7,1,27,27,10,2025-26,6,Regular Season
1610612751,Brooklyn Nets,17,3,14,0.176,48.0,36.1,82.6,0.436,11.9,35.4,0.336,18.6,23.2,0.802,9.5,27.9,37.5,23.9,17.5,8.8,4.8,5.9,24.8,19.8,102.6,-12.4,3,25,27,26,14,30,30,30,22,19,28,14,16,8,25,29,29,30,29,9,13,28,30,19,30,27,2025-26,6,Regular Season
1610612766,Charlotte Hornets,15,10,5,0.667,48.0,40.7,88.7,0.459,17.6,46.2,0.381,17.2,21.2,0.811,12.7,33.2,45.9,25.6,14.1,7.1,4.3,4.2,20.3,19.3,116.3,11.5,19,9,5,7,14,22,14,24,1,1,4,21,23,5,5,10,6,21,16,24,22,9,21,21,11,3,2025-26,6,Regular Season
1610612741,Chicago Bulls,15,5,10,0.333,48.3,43.3,91.9,0.471,14.3,41.8,0.343,17.9,23.9,0.751,10.5,36.8,47.3,28.0,15.8,7.2,5.4,5.9,19.9,18.9,118.8,-4.8,19,21,21,21,5,8,2,17,9,5,23,17,14,26,18,2,5,11,24,23,9,27,18,24,8,20,2025-26,6,Regular Season
1610612739,Cleveland Cavaliers,15,10,5,0.667,48.0,42.7,86.3,0.494,14.0,38.7,0.362,19.6,25.7,0.762,10.1,32.7,42.8,27.8,12.1,6.5,4.5,4.2,20.0,21.3,118.9,3.3,19,9,5,7,14,13,26,6,13,12,13,9,8,24,20,13,19,12,3,26,19,9,19,6,7,13,2025-26,6,Regular Season
1610612742,Dallas Mavericks,17,3,14,0.176,48.6,39.8,89.5,0.445,10.8,31.6,0.34,19.6,25.5,0.771,11.4,33.5,44.9,25.6,15.0,7.4,4.5,6.2,18.1,21.0,110.1,-12.8,3,25,27,26,3,27,10,28,29,26,25,8,10,19,15,7,8,20,21,22,18,29,3,7,28,28,2025-26,6,Regular Season
1610612743,Denver Nuggets,16,11,5,0.688,48.3,43.8,86.9,0.504,14.9,36.8,0.404,21.5,26.8,0.804,8.9,35.1,44.0,31.0,12.9,5.8,2.9,4.7,19.6,21.4,124.0,4.9,9,6,5,5,9,4,23,3,6,16,1,3,4,7,28,5,14,2,7,29,29,15,16,5,1,12,2025-26,6,Regular Season
1610612765,Detroit Pistons,18,11,7,0.611,48.6,43.4,87.9,0.494,10.9,29.4,0.372,19.8,25.5,0.778,12.3,31.6,43.8,29.6,14.5,9.9,6.1,5.6,21.8,20.4,117.7,8.2,1,6,13,12,4,7,17,7,27,30,8,7,9,15,9,19,15,6,18,2,5,25,28,10,9,6,2025-26,6,Regular Season
1610612744,Golden State Warriors,15,5,10,0.333,49.0,40.5,88.9,0.455,14.3,42.2,0.34,16.9,21.7,0.776,12.9,28.8,41.7,28.1,16.7,9.5,3.9,3.6,19.4,19.8,112.1,-6.1,19,21,21,21,1,24,13,26,9,3,26,23,22,17,4,28,22,9,27,6,26,2,13,17,25,22,2025-26,6,Regular Season
1610612745,Houston Rockets,16,9,7,0.563,48.6,42.9,89.0,0.482,10.9,31.8,0.344,16.9,22.0,0.767,14.3,33.4,47.7,26.9,16.1,8.2,5.6,5.1,18.1,20.4,113.7,1.3,9,13,13,14,2,11,12,11,28,25,22,22,21,21,1,9,3,14,26,17,7,19,2,11,20,15,2025-26,6,Regular Season
1610612754,Indiana Pacers,15,2,13,0.133,48.0,42.5,87.3,0.486,14.3,37.6,0.379,15.9,20.1,0.794,7.9,30.3,38.3,30.7,14.1,6.2,4.5,5.0,19.5,18.7,115.1,-10.1,19,29,24,29,14,14,21,10,12,14,5,26,28,11,30,22,27,3,15,28,15,17,14,26,16,25,2025-26,6,Regular Season
1610612746,LA Clippers,18,12,6,0.667,48.3,43.8,85.6,0.512,12.7,32.5,0.391,20.6,25.8,0.797,9.7,30.2,39.9,24.6,12.2,10.7,5.8,3.9,18.6,20.9,120.9,7.5,1,5,9,7,13,3,27,2,17,24,2,5,7,10,23,24,24,26,4,1,6,6,7,8,5,7,2025-26,6,Regular Season
1610612747,Los Angeles Lakers,17,15,2,0.882,48.3,43.5,84.9,0.512,12.3,33.3,0.369,21.4,28.1,0.763,9.5,31.8,41.4,26.5,13.1,9.4,5.3,3.0,18.5,21.8,120.6,9.2,3,1,2,2,11,6,28,1,20,23,9,4,2,22,25,17,23,16,9,8,10,1,5,4,6,5,2025-26,6,Regular Season
1610612763,Memphis Grizzlies,17,3,14,0.176,48.0,40.4,89.7,0.45,14.5,40.6,0.357,17.9,22.4,0.8,10.5,26.4,36.8,25.8,15.1,9.7,4.6,6.4,21.1,19.0,113.2,-11.1,3,25,27,26,14,25,8,27,8,8,16,18,19,9,17,30,30,19,22,4,14,30,25,22,23,26,2025-26,6,Regular Season
1610612748,Miami Heat,15,8,7,0.533,48.0,43.0,91.7,0.469,13.3,39.4,0.337,22.6,27.4,0.825,11.4,32.9,44.3,28.5,11.7,8.5,4.5,4.3,19.3,22.1,121.9,0.7,19,16,13,15,14,9,3,18,15,11,27,2,3,3,14,12,11,7,1,14,19,12,12,2,4,17,2025-26,6,Regular Season
1610612749,Milwaukee Bucks,17,4,13,0.235,48.0,38.6,84.0,0.459,15.4,41.9,0.368,12.9,18.2,0.706,8.8,30.9,39.6,24.8,16.8,8.1,3.4,4.2,19.6,16.8,105.5,-14.6,3,24,24,24,14,29,29,23,3,4,10,30,30,30,29,21,25,24,28,19,27,11,17,29,29,30,2025-26,6,Regular Season
1610612750,Minnesota Timberwolves,15,9,6,0.6,48.3,41.1,86.7,0.473,11.9,33.9,0.35,19.0,24.7,0.77,10.4,33.9,44.3,25.3,15.7,8.5,5.5,4.5,21.0,19.8,113.0,1.3,19,13,9,13,5,21,24,13,23,22,21,13,11,20,19,6,10,22,23,14,8,13,24,17,24,16,2025-26,6,Regular Season
1610612740,New Orleans Pelicans,15,6,9,0.4,48.0,41.7,88.6,0.471,11.2,31.3,0.357,20.5,26.5,0.776,11.9,31.3,43.3,25.3,13.7,8.6,6.1,5.1,19.0,20.3,115.2,-1.9,19,20,20,20,14,18,15,16,25,27,15,6,5,18,10,20,16,22,14,12,3,22,11,13,15,19,2025-26,6,Regular Season
1610612752,New York Knicks,16,10,6,0.625,48.0,42.8,87.6,0.488,12.6,34.6,0.365,15.6,19.3,0.806,12.6,33.1,45.7,28.1,14.4,8.1,3.2,3.8,18.9,19.8,113.7,6.9,9,9,9,10,14,12,20,9,19,21,12,28,29,6,6,11,7,10,17,18,28,4,10,16,20,8,2025-26,6,Regular Season
1610612760,Oklahoma City Thunder,15,14,1,0.933,48.3,41.3,87.7,0.471,12.8,38.3,0.334,19.6,24.1,0.814,9.5,35.3,44.8,24.0,11.9,8.7,4.9,3.6,18.5,20.8,115.1,9.8,19,2,1,1,5,20,19,15,16,13,29,9,13,4,24,4,9,29,2,10,11,2,6,9,17,4,2025-26,6,Regular Season
1610612753,Orlando Magic,17,9,8,0.529,48.3,40.2,86.6,0.465,12.2,35.7,0.341,23.9,28.6,0.837,10.0,32.5,42.5,26.0,14.7,7.7,2.8,4.8,21.4,21.9,116.6,-0.2,3,13,16,16,11,26,25,20,21,18,24,1,1,2,22,15,20,18,20,20,30,16,27,3,10,18,2025-26,6,Regular Season
1610612755,Philadelphia 76ers,16,8,8,0.5,48.0,42.2,91.3,0.462,11.3,34.8,0.323,18.2,23.1,0.786,11.0,32.1,43.1,24.7,13.2,8.5,6.2,5.7,20.3,19.7,113.8,-4.8,9,16,16,17,14,15,4,21,24,20,30,15,17,12,16,16,17,25,10,13,2,26,22,20,19,21,2025-26,6,Regular Season
1610612756,Phoenix Suns,16,8,8,0.5,48.0,41.6,90.6,0.459,16.1,43.9,0.368,16.6,22.3,0.742,12.9,30.1,42.9,26.6,12.9,8.7,4.4,4.1,20.1,20.1,115.8,5.6,9,16,16,17,14,19,5,25,2,2,11,24,20,28,3,25,18,15,7,11,21,8,20,14,13,11,2025-26,6,Regular Season
1610612757,Portland Trail Blazers,16,10,6,0.625,48.0,40.6,88.0,0.461,14.3,40.6,0.352,19.3,25.9,0.746,14.3,33.4,47.7,26.4,17.9,8.4,7.0,5.1,19.6,22.5,114.8,6.8,9,9,9,10,14,23,16,22,11,7,18,11,6,27,2,8,3,17,30,16,1,19,15,1,18,9,2025-26,6,Regular Season
1610612758,Sacramento Kings,15,5,10,0.333,48.0,43.0,89.6,0.48,10.3,29.4,0.351,15.7,20.5,0.763,11.5,32.6,44.1,27.5,13.4,6.3,4.1,5.0,18.7,16.5,112.0,-9.2,19,21,21,21,14,9,9,12,30,29,19,27,27,23,13,14,13,13,11,27,23,17,8,30,26,24,2025-26,6,Regular Season
1610612759,San Antonio Spurs,16,14,2,0.875,48.0,45.1,90.4,0.499,15.3,39.7,0.386,17.9,22.8,0.786,11.6,37.4,49.0,31.2,12.8,6.6,6.1,4.6,18.4,18.9,123.4,13.8,9,2,2,3,14,2,6,5,4,10,3,16,18,13,12,1,1,1,5,25,4,14,4,23,2,1,2025-26,6,Regular Season
1610612761,Toronto Raptors,15,7,8,0.467,48.0,43.7,87.3,0.5,11.2,30.9,0.362,17.3,23.7,0.73,10.1,29.5,39.6,30.4,13.4,9.8,4.9,5.2,21.3,19.9,115.9,3.1,19,19,16,19,14,5,22,4,25,28,13,20,15,29,20,26,26,4,11,3,11,23,26,15,12,14,2025-26,6,Regular Season
1610612762,Utah Jazz,16,3,13,0.188,48.0,42.0,89.8,0.468,12.7,35.9,0.353,19.1,24.4,0.782,11.8,30.3,42.1,28.3,14.6,9.7,4.5,5.1,20.6,20.3,115.8,-8.3,9,25,24,25,14,17,7,19,18,17,17,12,12,14,11,23,21,8,19,5,17,19,23,12,14,23,2025-26,6,Regular Season
1610612764,Washington Wizards,16,1,15,0.063,48.3,42.1,89.1,0.472,13.9,37.4,0.373,15.6,20.7,0.752,9.1,28.9,38.1,24.1,16.0,7.7,4.1,5.4,24.5,18.8,113.6,-13.8,9,30,30,30,9,16,11,14,14,15,7,28,26,25,27,27,28,28,25,21,24,24,29,25,22,29,2025-26,6,Regular Season
1610612737,Atlanta Hawks,6,3,3,0.5,48.0,45.3,93.5,0.485,16.0,40.0,0.4,15.5,21.0,0.738,12.5,33.3,45.8,27.8,14.7,9.3,5.2,5.2,20.8,17.8,122.2,8.3,14,13,12,14,4,8,4,12,8,8,7,23,21,26,7,10,7,14,18,10,8,20,25,22,8,9,2025-26,7,Regular Season
1610612738,Boston Celtics,7,6,1,0.857,48.0,46.0,89.6,0.514,18.1,43.3,0.419,14.3,17.1,0.833,10.9,34.4,45.3,28.0,13.1,7.3,4.1,3.6,18.1,17.7,124.4,14.3,1,1,2,2,4,6,17,5,3,5,3,27,28,5,18,6,9,12,8,26,21,5,10,24,4,1,2025-26,7,Regular Season
1610612751,Brooklyn Nets,6,2,4,0.333,48.0,37.5,84.7,0.443,11.8,35.2,0.336,17.7,21.7,0.815,7.5,28.8,36.3,23.3,13.7,8.3,4.0,6.5,19.0,17.8,104.5,-17.2,14,21,20,21,4,30,27,29,21,20,27,15,17,7,30,26,29,29,12,17,22,30,18,22,30,28,2025-26,7,Regular Season
1610612766,Charlotte Hornets,6,4,2,0.667,48.0,41.7,90.3,0.461,18.2,48.5,0.375,13.5,16.3,0.827,13.2,31.5,44.7,26.0,14.2,7.5,5.2,3.8,17.2,19.0,115.0,6.7,14,9,7,9,4,23,14,26,1,1,12,28,29,6,5,18,14,21,15,24,8,8,6,16,20,10,2025-26,7,Regular Season
1610612741,Chicago Bulls,7,2,5,0.286,48.0,43.1,92.7,0.465,11.1,37.9,0.294,18.4,24.6,0.75,11.7,33.3,45.0,26.9,16.7,9.7,3.9,5.7,20.4,21.1,115.9,-10.3,1,21,23,23,4,16,8,23,23,13,30,12,8,24,13,11,13,17,29,6,23,24,23,5,18,26,2025-26,7,Regular Season
1610612739,Cleveland Cavaliers,6,5,1,0.833,48.0,44.2,87.7,0.504,13.5,36.3,0.372,20.0,26.0,0.769,11.3,35.3,46.7,28.0,14.7,8.2,4.7,3.7,16.2,21.0,121.8,4.8,14,4,2,4,4,10,21,9,14,16,13,4,5,20,16,3,4,12,18,19,15,6,2,6,9,12,2025-26,7,Regular Season
1610612742,Dallas Mavericks,6,2,4,0.333,48.0,43.2,95.0,0.454,14.0,38.7,0.362,23.0,27.2,0.847,12.3,32.3,44.7,26.3,11.0,8.3,5.5,4.7,20.5,19.5,123.3,-3.5,14,21,20,21,4,15,3,28,12,11,18,3,3,2,9,15,14,20,1,17,5,13,24,11,6,20,2025-26,7,Regular Season
1610612743,Denver Nuggets,6,6,0,1.0,49.7,49.2,96.0,0.512,15.5,38.7,0.401,18.5,22.2,0.835,12.5,37.7,50.2,31.7,12.2,7.3,5.3,3.7,18.7,20.2,132.3,11.2,14,1,1,1,1,1,2,6,9,11,6,11,13,3,7,1,1,4,2,25,7,6,15,8,1,5,2025-26,7,Regular Season
1610612765,Detroit Pistons,6,5,1,0.833,48.0,44.8,86.7,0.517,11.5,28.5,0.404,19.5,25.0,0.78,12.7,32.5,45.2,32.7,15.5,10.5,7.0,6.2,19.3,19.0,120.7,11.3,14,4,2,4,4,9,24,3,22,28,5,6,7,15,6,14,11,3,23,4,1,27,20,16,12,4,2025-26,7,Regular Season
1610612744,Golden State Warriors,7,1,6,0.143,48.0,39.7,84.9,0.468,13.0,37.4,0.347,19.1,22.0,0.87,10.7,28.7,39.4,27.6,14.1,8.1,3.6,4.7,18.4,18.4,111.6,-6.3,1,26,28,28,4,28,25,21,17,15,23,8,16,1,21,27,26,15,13,21,26,14,12,19,25,24,2025-26,7,Regular Season
1610612745,Houston Rockets,7,6,1,0.857,48.0,46.3,92.0,0.503,12.7,34.4,0.369,19.3,24.4,0.789,14.6,33.6,48.1,27.0,13.0,7.6,5.1,4.9,17.6,20.7,124.6,13.3,1,1,2,2,4,5,10,10,19,22,15,7,9,14,1,8,2,16,7,23,10,17,7,7,3,3,2025-26,7,Regular Season
1610612754,Indiana Pacers,7,2,5,0.286,48.0,42.0,90.0,0.467,15.1,41.3,0.367,15.6,19.1,0.813,9.7,34.9,44.6,32.7,15.4,8.9,3.9,4.9,17.0,18.0,114.7,-3.6,1,21,23,23,4,21,15,22,10,7,17,22,26,9,27,4,17,2,22,12,23,17,5,21,21,21,2025-26,7,Regular Season
1610612746,LA Clippers,6,3,3,0.5,48.0,41.3,89.2,0.464,13.3,36.0,0.37,16.5,20.3,0.811,10.3,30.7,41.0,24.0,13.3,7.8,3.8,5.7,20.8,19.8,112.5,-1.5,14,13,12,14,4,24,20,25,15,19,14,19,22,10,22,22,22,26,10,22,25,23,25,9,24,16,2025-26,7,Regular Season
1610612747,Los Angeles Lakers,6,3,3,0.5,48.0,41.3,80.8,0.511,10.5,27.7,0.38,17.2,24.3,0.705,8.3,32.0,40.3,30.5,15.7,10.7,3.5,3.2,16.0,16.5,110.3,-2.8,14,13,12,14,4,24,30,7,27,29,9,16,10,29,29,16,25,7,25,2,27,3,1,27,28,19,2025-26,7,Regular Season
1610612763,Memphis Grizzlies,7,0,7,0.0,48.0,39.7,91.9,0.432,16.6,47.7,0.347,15.0,19.4,0.772,9.9,25.7,35.6,24.6,14.3,8.4,3.0,5.7,22.9,15.6,111.0,-24.1,1,29,29,29,4,28,11,30,7,2,24,24,24,18,25,30,30,25,16,15,30,24,30,29,26,30,2025-26,7,Regular Season
1610612748,Miami Heat,6,3,3,0.5,48.0,47.3,91.0,0.52,17.0,39.8,0.427,17.2,22.2,0.774,10.0,31.5,41.5,33.5,13.3,5.7,4.2,4.0,17.8,18.3,128.8,1.2,14,13,12,14,4,4,13,2,5,9,2,16,13,16,24,18,21,1,10,30,20,11,9,20,2,15,2025-26,7,Regular Season
1610612749,Milwaukee Bucks,7,2,5,0.286,48.0,40.3,84.7,0.476,17.6,44.1,0.398,12.9,18.1,0.709,10.9,29.7,40.6,26.9,17.1,6.1,4.3,3.9,18.6,16.1,111.0,-8.1,1,21,23,23,4,27,26,18,4,4,8,29,27,28,18,25,24,17,30,29,17,9,14,28,26,25,2025-26,7,Regular Season
1610612750,Minnesota Timberwolves,7,3,4,0.429,48.0,43.0,89.6,0.48,14.4,39.3,0.367,18.3,23.7,0.771,9.9,28.1,38.0,25.0,14.1,8.9,6.7,5.9,21.3,19.3,118.7,-1.9,1,13,20,20,4,17,17,14,11,10,16,13,11,19,25,28,28,23,13,12,2,26,27,14,14,17,2025-26,7,Regular Season
1610612740,New Orleans Pelicans,6,1,5,0.167,48.0,43.8,93.5,0.469,10.2,29.2,0.349,23.3,29.0,0.805,12.0,33.2,45.2,23.5,14.3,9.7,5.0,6.2,21.8,21.2,121.2,-5.5,14,26,23,26,4,12,4,20,30,27,22,2,2,11,11,12,11,27,17,7,13,27,29,4,10,23,2025-26,7,Regular Season
1610612752,New York Knicks,6,5,1,0.833,48.0,43.5,84.5,0.515,12.5,35.0,0.357,16.2,19.8,0.815,11.2,31.5,42.7,28.8,12.5,9.3,3.5,3.0,18.7,19.3,115.7,10.5,14,4,2,4,4,14,28,4,20,21,19,20,23,8,17,18,19,11,4,10,27,2,15,13,19,6,2025-26,7,Regular Season
1610612760,Oklahoma City Thunder,6,4,2,0.667,48.0,47.5,93.3,0.509,18.2,42.0,0.433,11.2,14.7,0.761,10.2,34.5,44.7,31.3,12.3,10.7,5.0,4.8,16.3,12.0,124.3,13.3,14,9,7,9,4,3,6,8,1,6,1,30,30,21,23,5,14,6,3,2,13,16,4,30,5,2,2025-26,7,Regular Season
1610612753,Orlando Magic,7,5,2,0.714,48.0,42.7,89.4,0.478,10.7,32.3,0.332,24.0,31.6,0.76,11.7,33.6,45.3,29.6,16.4,8.9,5.1,6.3,21.4,23.9,120.1,4.7,1,4,7,7,4,18,19,15,26,25,28,1,1,22,13,8,9,10,28,12,10,29,28,1,13,13,2025-26,7,Regular Season
1610612755,Philadelphia 76ers,7,4,3,0.571,48.0,42.6,89.7,0.475,10.9,31.9,0.341,17.7,22.1,0.8,12.0,34.4,46.4,23.4,13.1,9.6,4.4,3.9,18.4,17.3,113.7,2.6,1,9,12,12,4,19,16,19,25,26,25,14,15,12,11,6,6,28,8,8,16,9,12,25,23,14,2025-26,7,Regular Season
1610612756,Phoenix Suns,6,3,3,0.5,48.0,40.5,87.3,0.464,12.8,36.3,0.353,14.8,19.2,0.774,12.2,30.0,42.2,20.7,15.5,7.0,5.8,4.0,17.7,18.7,108.7,-2.5,14,13,12,14,4,26,23,24,18,16,20,26,25,17,10,24,20,30,23,28,4,11,8,18,29,18,2025-26,7,Regular Season
1610612757,Portland Trail Blazers,5,3,2,0.6,49.0,42.0,91.6,0.459,17.0,45.0,0.378,16.8,21.2,0.792,13.6,30.2,43.8,26.6,15.4,9.8,5.4,5.4,18.4,21.2,117.8,5.4,30,13,7,11,2,21,12,27,5,3,10,18,20,13,4,23,18,19,21,5,6,21,11,3,15,11,2025-26,7,Regular Season
1610612758,Sacramento Kings,6,3,3,0.5,48.0,42.5,87.7,0.485,11.0,32.3,0.34,18.7,25.2,0.742,14.5,31.0,45.5,24.8,16.2,8.2,6.2,3.5,19.5,19.5,114.7,-4.7,14,13,12,14,4,20,21,13,24,24,26,10,6,25,2,21,8,24,27,19,3,4,22,11,22,22,2025-26,7,Regular Season
1610612759,San Antonio Spurs,7,5,2,0.714,48.7,45.7,92.9,0.492,13.1,37.6,0.35,18.7,22.4,0.834,11.7,35.6,47.3,29.9,12.9,7.1,5.1,4.7,19.0,19.6,123.3,9.1,1,4,7,7,3,7,7,11,16,14,21,9,12,4,13,2,3,9,6,27,10,14,18,10,7,8,2025-26,7,Regular Season
1610612761,Toronto Raptors,7,4,3,0.571,48.0,43.7,83.3,0.525,10.4,25.3,0.412,19.9,27.1,0.732,9.0,31.7,40.7,30.4,12.6,8.4,4.3,2.1,19.4,22.1,117.7,9.7,1,9,12,12,4,13,29,1,29,30,4,5,4,27,28,17,23,8,5,15,17,1,21,2,16,7,2025-26,7,Regular Season
1610612762,Utah Jazz,6,1,5,0.167,48.0,47.7,99.8,0.477,10.5,34.0,0.309,15.0,21.7,0.692,13.7,32.8,46.5,31.5,14.8,11.0,3.5,5.0,16.2,17.0,120.8,-13.2,14,26,23,26,4,2,1,16,27,23,29,24,17,30,3,13,5,5,20,1,27,19,2,26,11,27,2025-26,7,Regular Season
1610612764,Washington Wizards,7,0,7,0.0,48.0,43.9,92.1,0.476,13.6,36.1,0.375,16.1,21.4,0.753,10.9,28.0,38.9,25.9,16.0,9.4,4.3,5.4,18.9,19.3,117.4,-17.4,1,29,29,29,4,11,9,17,13,18,11,21,19,23,18,29,27,22,26,9,17,22,17,14,17,29,2025-26,7,Regular Season
1610612766,Charlotte Hornets,2,1,1,0.5,50.5,39.0,98.0,0.398,15.0,50.5,0.297,15.5,17.0,0.912,12.0,32.0,44.0,21.5,14.0,5.5,5.5,8.0,27.0,20.0,108.5,-15.0,1,1,3,3,2,5,2,8,3,1,7,7,6,2,2,4,3,6,3,6,5,8,6,7,8,8,2025-26,7,PlayIn
1610612744,Golden State Warriors,2,1,1,0.5,48.0,40.0,78.5,0.51,15.0,37.0,0.405,16.0,22.0,0.727,11.0,26.5,37.5,25.5,20.5,8.5,1.5,3.5,19.0,23.0,111.0,-5.0,1,1,3,3,3,3,8,2,3,4,1,6,5,8,4,8,6,4,8,4,8,2,2,3,4,6,2025-26,7,PlayIn
1610612746,LA Clippers,1,0,1,0.0,48.0,45.0,86.0,0.523,14.0,35.0,0.4,17.0,17.0,1.0,9.0,27.0,36.0,30.0,18.0,15.0,3.0,3.0,23.0,19.0,121.0,-5.0,5,7,3,7,3,2,4,1,5,6,2,4,6,1,6,7,8,2,7,1,7,1,3,8,2,6,2025-26,7,PlayIn
1610612748,Miami Heat,1,0,1,0.0,53.0,49.0,103.0,0.476,16.0,41.0,0.39,12.0,14.0,0.857,12.0,36.0,48.0,32.0,7.0,4.0,8.0,7.0,9.0,21.0,126.0,-1.0,5,7,3,7,1,1,1,4,2,3,3,8,8,3,2,1,1,1,1,8,3,7,1,5,1,5,2025-26,7,PlayIn
1610612753,Orlando Magic,2,1,1,0.5,48.0,37.5,82.5,0.455,7.5,27.0,0.278,26.5,34.0,0.779,10.0,35.0,45.0,23.0,14.5,5.5,6.0,6.5,26.0,30.0,109.0,9.5,1,1,3,3,3,8,6,5,8,8,8,1,1,6,5,2,2,5,4,6,4,6,5,1,6,2,2025-26,7,PlayIn
1610612755,Philadelphia 76ers,1,1,0,1.0,48.0,38.0,85.0,0.447,12.0,35.0,0.343,21.0,25.0,0.84,7.0,33.0,40.0,17.0,12.0,8.0,9.0,4.0,27.0,21.0,109.0,12.0,5,1,1,1,3,7,5,7,7,6,6,2,2,4,8,3,5,8,2,5,2,3,6,5,6,1,2025-26,7,PlayIn
1610612756,Phoenix Suns,2,1,1,0.5,48.0,39.0,80.0,0.488,13.5,37.0,0.365,19.0,23.5,0.809,9.0,28.0,37.0,21.5,14.5,13.0,5.0,5.0,23.5,23.0,110.5,5.5,1,1,3,3,3,5,7,3,6,4,4,3,3,5,6,6,7,6,4,2,6,4,4,3,5,3,2025-26,7,PlayIn
1610612757,Portland Trail Blazers,1,1,0,1.0,48.0,40.0,88.0,0.455,17.0,47.0,0.362,17.0,23.0,0.739,13.0,29.0,42.0,27.0,15.0,9.0,10.0,6.0,27.0,24.0,114.0,4.0,5,1,1,1,3,3,3,5,1,2,5,4,4,7,1,5,4,3,6,3,1,5,6,2,3,4,2025-26,7,PlayIn
1610612737,Atlanta Hawks,6,2,4,0.333,48.0,36.5,83.7,0.436,11.3,36.3,0.312,16.0,22.2,0.722,9.2,27.7,36.8,22.2,14.7,7.3,4.8,4.8,22.2,21.7,100.3,-17.5,1,10,13,13,3,11,12,11,10,6,13,13,12,14,13,15,16,10,10,11,7,8,10,9,15,16,2025-26,7,Playoffs
1610612738,Boston Celtics,6,3,3,0.5,48.0,38.3,87.0,0.441,16.0,45.7,0.35,15.0,20.7,0.726,12.5,34.8,47.3,24.5,13.0,5.7,4.3,4.8,18.8,18.8,107.7,4.8,1,5,8,8,3,8,5,10,1,1,7,16,14,12,4,4,1,5,5,14,13,8,1,15,7,4,2025-26,7,Playoffs
1610612739,Cleveland Cavaliers,5,3,2,0.6,48.0,39.8,82.6,0.482,14.2,38.6,0.368,18.0,24.8,0.726,10.2,30.0,40.2,20.8,17.2,8.4,4.8,5.4,21.2,21.6,111.8,0.4,7,5,3,5,3,6,14,5,3,3,5,11,7,12,12,11,13,14,14,5,10,11,3,10,5,8,2025-26,7,Playoffs
1610612743,Denver Nuggets,6,2,4,0.333,48.0,36.3,83.3,0.436,10.0,32.2,0.311,24.8,30.2,0.823,7.0,31.3,38.3,24.5,12.0,7.3,4.2,3.3,22.7,25.3,107.5,-4.5,1,10,13,13,3,12,13,12,14,10,14,1,1,2,16,8,15,5,3,11,14,2,12,1,8,12,2025-26,7,Playoffs
1610612765,Detroit Pistons,5,2,3,0.4,48.0,35.4,81.8,0.433,8.6,29.6,0.291,22.2,29.8,0.745,12.2,35.0,47.2,20.6,18.0,7.8,10.4,6.2,23.0,24.8,101.6,-0.6,7,10,8,10,3,15,15,13,16,14,16,2,2,11,6,3,2,15,15,9,1,13,13,2,14,10,2025-26,7,Playoffs
1610612745,Houston Rockets,5,2,3,0.4,49.0,36.6,87.2,0.42,11.0,34.2,0.322,18.6,24.6,0.756,14.6,26.2,40.8,22.4,13.8,12.6,4.6,6.2,21.6,21.6,102.8,1.0,7,10,8,10,1,10,4,14,11,8,12,8,9,10,1,16,9,9,8,1,12,13,5,10,11,6,2025-26,7,Playoffs
1610612747,Los Angeles Lakers,5,3,2,0.6,49.0,36.0,73.4,0.49,9.4,25.0,0.376,20.4,26.8,0.761,8.8,30.2,39.0,24.0,19.0,8.2,6.2,4.6,21.6,21.6,101.8,-1.0,7,5,3,5,1,13,16,2,15,16,3,6,5,8,15,10,14,8,16,7,3,5,5,10,13,11,2025-26,7,Playoffs
1610612750,Minnesota Timberwolves,6,4,2,0.667,48.0,41.7,89.0,0.468,10.3,30.7,0.337,18.3,23.8,0.769,12.0,35.2,47.2,26.0,13.5,6.5,3.3,4.2,25.3,22.7,112.0,4.5,1,1,3,3,3,3,2,7,13,12,11,10,11,6,7,2,3,2,7,13,15,3,16,5,4,5,2025-26,7,Playoffs
1610612752,New York Knicks,6,4,2,0.667,48.0,42.2,84.5,0.499,11.8,31.2,0.38,21.7,28.0,0.774,10.5,35.3,45.8,24.2,13.2,8.8,4.8,4.8,21.7,22.2,117.8,17.5,1,1,3,3,3,2,10,1,6,11,2,3,4,5,11,1,4,7,6,4,7,8,8,7,2,1,2025-26,7,Playoffs
1610612760,Oklahoma City Thunder,4,4,0,1.0,48.0,43.5,89.3,0.487,14.3,39.3,0.363,21.5,24.8,0.869,13.0,31.0,44.0,25.8,10.8,9.5,5.8,2.8,21.3,23.3,122.8,17.3,15,1,1,1,3,1,1,3,2,2,6,4,8,1,2,9,6,3,1,3,5,1,4,3,1,2,2025-26,7,Playoffs
1610612753,Orlando Magic,5,3,2,0.6,48.0,34.8,86.2,0.404,11.8,34.4,0.343,20.8,29.6,0.703,12.4,31.6,44.0,20.2,14.6,11.0,6.2,10.4,24.8,23.0,102.2,0.6,7,5,3,5,3,16,8,15,7,7,9,5,3,16,5,6,6,16,9,2,3,16,15,4,12,7,2025-26,7,Playoffs
1610612755,Philadelphia 76ers,6,3,3,0.5,48.0,37.8,85.7,0.442,11.7,33.7,0.347,15.5,19.3,0.802,9.2,31.5,40.7,21.2,11.0,5.5,4.8,4.3,18.8,18.8,102.8,-4.8,1,5,8,8,3,9,9,9,8,9,8,15,16,3,13,7,10,13,2,15,7,4,1,15,10,13,2025-26,7,Playoffs
1610612756,Phoenix Suns,4,0,4,0.0,48.0,38.5,86.3,0.446,12.8,37.5,0.34,15.8,19.8,0.797,12.0,28.3,40.3,22.0,16.0,5.5,2.8,5.8,23.3,21.3,105.5,-17.3,15,16,13,16,3,7,7,8,5,5,10,14,15,4,7,14,12,11,13,15,16,12,14,13,9,15,2025-26,7,Playoffs
1610612757,Portland Trail Blazers,5,1,4,0.2,48.0,35.8,88.8,0.403,11.6,38.4,0.302,16.8,22.0,0.764,12.0,28.6,40.6,21.4,12.8,7.6,4.8,7.2,22.4,22.0,100.0,-12.4,7,15,13,15,3,14,3,16,9,4,15,12,13,7,7,13,11,12,4,10,10,15,11,8,16,14,2025-26,7,Playoffs
1610612759,San Antonio Spurs,5,4,1,0.8,48.0,40.6,83.8,0.484,12.8,30.6,0.418,18.4,24.2,0.76,10.6,33.8,44.4,24.6,15.2,8.4,7.2,4.8,22.0,22.4,112.4,12.4,7,1,2,2,3,5,11,4,4,13,1,9,10,9,10,5,5,4,11,5,2,6,9,6,3,3,2025-26,7,Playoffs
1610612761,Toronto Raptors,5,2,3,0.4,48.0,40.8,86.6,0.471,10.6,28.8,0.368,19.2,26.8,0.716,12.6,29.6,42.2,26.4,15.8,8.2,5.4,4.8,21.6,21.2,111.4,-0.4,7,10,8,10,3,4,6,6,12,15,4,7,5,15,3,12,8,1,12,7,6,6,5,14,6,9,2025-26,7,Playoffs
1610612738,Boston Celtics,1,0,1,0.0,48.0,37.0,93.0,0.398,13.0,49.0,0.265,13.0,16.0,0.813,10.0,34.0,44.0,19.0,5.0,4.0,7.0,1.0,23.0,19.0,100.0,-9.0,11,10,2,10,7,8,2,10,3,1,11,12,12,3,8,3,4,10,1,12,3,1,8,11,10,8,2025-26,8,Playoffs
1610612739,Cleveland Cavaliers,13,5,8,0.385,49.2,36.5,81.8,0.446,11.8,37.9,0.312,21.5,29.0,0.743,12.2,29.1,41.2,22.0,16.5,7.7,5.2,4.8,20.2,23.9,106.5,-4.4,1,4,12,6,2,9,8,8,6,2,9,2,1,9,4,7,7,7,11,7,7,7,2,1,6,5,2025-26,8,Playoffs
1610612765,Detroit Pistons,9,5,4,0.556,48.6,38.6,84.4,0.457,11.9,30.0,0.396,17.8,22.8,0.78,13.2,28.9,42.1,23.3,14.9,9.2,5.6,5.9,23.7,19.1,106.8,2.9,4,4,6,4,6,5,7,4,5,10,2,9,9,5,1,8,6,6,8,3,5,9,11,10,5,4,2025-26,8,Playoffs
1610612745,Houston Rockets,1,0,1,0.0,48.0,28.0,80.0,0.35,5.0,28.0,0.179,17.0,24.0,0.708,8.0,37.0,45.0,13.0,14.0,6.0,9.0,9.0,23.0,19.0,78.0,-20.0,11,10,2,10,7,12,10,12,12,12,12,10,8,12,11,1,2,12,6,9,1,11,8,11,12,12,2025-26,8,Playoffs
1610612747,Los Angeles Lakers,5,1,4,0.2,48.0,37.2,81.6,0.456,11.4,29.0,0.393,16.8,22.0,0.764,11.6,28.2,39.8,23.6,17.2,5.6,3.8,4.8,19.8,20.8,102.6,-8.8,7,7,6,8,7,7,9,5,7,11,3,11,10,6,5,9,9,5,12,10,9,8,1,9,9,7,2025-26,8,Playoffs
1610612750,Minnesota Timberwolves,6,2,4,0.333,48.0,38.0,93.3,0.407,10.7,31.7,0.337,17.8,24.3,0.733,12.2,31.7,43.8,20.5,14.2,6.3,3.5,9.0,23.5,23.5,104.5,-16.2,6,6,6,7,7,6,1,9,8,9,6,8,7,11,3,5,5,9,7,8,11,11,10,2,7,10,2025-26,8,Playoffs
1610612752,New York Knicks,8,8,0,1.0,48.6,44.6,84.8,0.527,14.1,34.1,0.414,18.1,24.5,0.74,10.9,33.6,44.5,28.6,13.9,9.1,3.6,3.6,21.9,23.0,121.5,20.8,5,1,1,1,5,1,6,1,1,5,1,7,5,10,6,4,3,1,5,4,10,2,5,3,1,1,2025-26,8,Playoffs
1610612760,Oklahoma City Thunder,11,7,4,0.636,48.9,40.8,88.0,0.464,13.1,35.8,0.365,18.2,21.6,0.84,10.5,30.4,40.9,25.9,13.8,10.5,4.2,4.6,21.5,20.8,112.9,3.5,3,3,6,2,3,2,3,2,2,4,4,6,11,1,7,6,8,3,4,2,8,6,4,8,3,3,2025-26,8,Playoffs
1610612753,Orlando Magic,2,0,2,0.0,48.0,29.0,76.5,0.379,9.5,33.0,0.288,19.0,25.5,0.745,8.5,27.0,35.5,19.0,13.5,8.5,5.5,7.0,21.5,21.0,86.5,-18.0,9,10,5,10,7,11,12,11,11,6,10,4,4,8,9,11,10,10,3,6,6,10,3,7,11,11,2025-26,8,Playoffs
1610612755,Philadelphia 76ers,5,1,4,0.2,48.0,36.4,80.0,0.455,10.4,31.8,0.327,20.2,25.8,0.783,7.6,27.2,34.8,21.4,13.4,5.2,2.8,4.6,22.8,22.2,103.4,-16.0,7,7,6,8,7,10,10,6,10,8,8,3,3,4,12,10,12,8,2,11,12,5,7,5,8,9,2025-26,8,Playoffs
1610612759,San Antonio Spurs,13,8,5,0.615,48.8,40.7,87.9,0.463,12.9,37.2,0.348,22.1,27.1,0.815,12.7,35.7,48.4,25.3,15.2,8.8,7.3,4.0,22.3,22.8,116.4,9.5,1,1,11,3,4,3,4,3,4,3,5,1,2,2,2,2,1,4,10,5,2,3,6,4,2,2,2025-26,8,Playoffs
1610612761,Toronto Raptors,2,1,1,0.5,50.5,39.0,87.0,0.448,10.5,32.0,0.328,18.5,24.5,0.755,8.5,27.0,35.5,26.0,15.0,11.5,6.5,4.5,26.5,22.0,107.0,-5.0,9,7,2,5,1,4,5,7,9,7,7,5,5,7,9,11,10,2,9,1,4,4,12,6,4,6,2025-26,8,Playoffs
1610612752,New York Knicks,5,4,1,0.8,48.0,36.6,87.2,0.42,13.2,36.0,0.367,18.0,23.4,0.769,10.6,34.6,45.2,20.8,13.2,7.4,4.8,5.8,22.2,21.4,104.4,2.4,1,1,1,1,1,1,1,1,1,2,1,2,2,1,1,1,1,2,2,1,2,2,2,2,1,1,2025-26,9,Playoffs
1610612759,San Antonio Spurs,5,1,4,0.2,48.0,35.4,84.6,0.418,12.6,37.2,0.339,18.6,24.6,0.756,10.2,34.2,44.4,21.6,12.4,6.8,5.8,4.8,21.4,22.2,102.0,-2.4,1,2,2,2,1,2,2,2,2,1,2,1,1,2,2,2,2,1,1,2,1,1,1,1,2,2,2025-26,9,Playoffs
