TEAM_ID,TEAM_NAME,GP,W,L,W_PCT,MIN,E_OFF_RATING,OFF_RATING,E_DEF_RATING,DEF_RATING,E_NET_RATING,NET_RATING,AST_PCT,AST_TO,AST_RATIO,OREB_PCT,DREB_PCT,REB_PCT,TM_TOV_PCT,EFG_PCT,TS_PCT,E_PACE,PACE,PACE_PER40,POSS,PIE,GP_RANK,W_RANK,L_RANK,W_PCT_RANK,MIN_RANK,OFF_RATING_RANK,DEF_RATING_RANK,NET_RATING_RANK,AST_PCT_RANK,AST_TO_RANK,AST_RATIO_RANK,OREB_PCT_RANK,DREB_PCT_RANK,REB_PCT_RANK,TM_TOV_PCT_RANK,EFG_PCT_RANK,TS_PCT_RANK,PACE_RANK,PIE_RANK,Season,Month,SeasonType
1610612737,Atlanta Hawks,4,2,2,0.5,197.0,104.6,107.1,108.5,111.6,-3.9,-4.6,0.669,1.59,17.8,0.305,0.662,0.48,0.16,0.501,0.543,109.5,106.72,88.93,438,0.481,13,15,13,15,13,23,22,23,12,10,17,19,20,24,11,23,23,4,21,2025-26,1,Pre Season
1610612738,Boston Celtics,4,3,1,0.75,192.0,110.9,111.5,97.4,100.2,13.5,11.3,0.627,1.16,16.5,0.364,0.657,0.521,0.2,0.531,0.585,107.9,106.13,88.44,425,0.575,13,7,4,5,18,14,2,5,26,31,24,6,23,10,30,17,14,7,5,2025-26,1,Pre Season
1610612751,Brooklyn Nets,4,2,2,0.5,197.0,112.2,115.3,107.8,109.3,4.4,6.0,0.667,1.15,18.4,0.414,0.662,0.547,0.233,0.588,0.62,102.2,100.14,83.45,412,0.521,13,15,13,15,13,7,18,10,13,33,12,2,21,4,34,1,2,28,12,2025-26,1,Pre Season
1610612766,Charlotte Hornets,5,2,3,0.4,240.0,110.2,114.6,113.1,114.7,-2.9,0.0,0.638,1.38,17.7,0.363,0.756,0.552,0.184,0.542,0.577,108.0,105.1,87.58,526,0.49,6,15,24,20,8,8,27,19,22,20,18,7,1,3,28,16,17,11,20,2025-26,1,Pre Season
1610612741,Chicago Bulls,5,3,2,0.6,240.0,109.6,111.9,109.1,111.9,0.5,0.0,0.724,1.7,20.3,0.289,0.74,0.523,0.169,0.549,0.584,109.8,107.3,89.42,537,0.525,6,7,13,12,8,12,23,18,4,8,2,26,3,9,17,10,15,2,10,2025-26,1,Pre Season
1610612739,Cleveland Cavaliers,4,1,3,0.25,192.0,103.3,106.8,108.8,110.5,-5.5,-3.6,0.701,1.55,18.2,0.301,0.646,0.457,0.167,0.504,0.537,109.5,106.88,89.06,425,0.461,13,22,24,23,18,24,20,22,6,12,14,20,28,31,14,22,26,3,26,2025-26,1,Pre Season
1610612742,Dallas Mavericks,4,3,1,0.75,192.0,107.8,110.4,95.1,97.1,12.7,13.3,0.728,1.9,20.1,0.273,0.718,0.51,0.15,0.521,0.567,106.1,103.75,86.46,414,0.609,13,7,4,5,18,16,1,4,2,3,3,30,8,15,4,19,19,13,2,2025-26,1,Pre Season
1610612743,Denver Nuggets,5,3,2,0.6,240.0,108.4,110.3,107.8,108.9,0.6,1.4,0.644,1.41,17.8,0.274,0.724,0.508,0.174,0.549,0.591,100.3,98.9,82.42,494,0.505,6,7,13,12,8,17,15,14,17,18,16,29,5,16,20,11,11,30,14,2025-26,1,Pre Season
1610612765,Detroit Pistons,4,2,2,0.5,192.0,110.8,113.4,107.7,110.1,3.1,3.2,0.663,1.43,19.1,0.337,0.698,0.524,0.191,0.569,0.596,103.4,101.0,84.17,404,0.544,13,15,13,15,18,9,19,12,14,17,8,12,15,8,29,7,10,26,7,2025-26,1,Pre Season
1610612744,Golden State Warriors,5,3,2,0.6,240.0,105.7,107.9,104.5,107.2,1.2,0.7,0.723,1.35,19.8,0.296,0.646,0.484,0.206,0.566,0.596,109.1,106.6,88.83,535,0.519,6,7,13,12,8,22,12,16,5,23,4,23,27,22,31,8,9,5,13,2025-26,1,Pre Season
15018,Guangzhou Loong-Lions,3,0,3,0.0,144.0,85.6,87.1,134.2,133.4,-48.7,-46.3,0.605,0.78,13.1,0.212,0.606,0.38,0.214,0.433,0.499,99.1,98.5,82.08,295,0.224,30,30,24,30,30,34,34,34,30,34,34,33,34,34,33,32,31,32,34,2025-26,1,Pre Season
50014,Hapoel Jerusalem B.C.,1,0,1,0.0,48.0,92.4,92.6,130.8,128.1,-38.4,-35.5,0.643,1.2,14.0,0.296,0.636,0.449,0.158,0.403,0.472,94.7,95.5,79.58,95,0.323,32,30,4,30,32,32,33,33,18,30,33,23,31,33,9,33,33,34,32,2025-26,1,Pre Season
1610612745,Houston Rockets,4,4,0,1.0,192.0,121.9,123.2,110.2,113.6,11.7,9.6,0.61,1.73,18.2,0.351,0.702,0.532,0.15,0.57,0.62,108.6,106.38,88.65,426,0.554,13,2,1,1,18,1,25,6,29,7,13,9,14,5,5,5,1,6,6,2025-26,1,Pre Season
1610612754,Indiana Pacers,4,2,2,0.5,197.0,106.8,109.5,113.3,115.8,-6.5,-6.3,0.693,1.26,18.7,0.347,0.68,0.514,0.213,0.546,0.584,105.7,103.31,86.09,423,0.462,13,15,13,15,13,20,28,25,7,27,9,10,17,12,32,13,16,16,24,2025-26,1,Pre Season
1610612746,LA Clippers,4,3,1,0.75,192.0,115.0,115.6,96.8,100.8,18.2,14.9,0.725,1.89,21.6,0.285,0.719,0.513,0.164,0.586,0.609,99.5,97.25,81.04,390,0.614,13,7,4,5,18,6,3,2,3,4,1,27,6,13,12,2,5,33,1,2025-26,1,Pre Season
1610612747,Los Angeles Lakers,6,1,5,0.167,288.0,102.0,103.7,108.7,112.4,-6.7,-8.7,0.633,1.21,16.2,0.284,0.705,0.491,0.183,0.499,0.55,103.2,100.67,83.89,602,0.447,1,22,33,29,3,28,24,27,24,29,27,28,11,21,27,25,21,27,29,2025-26,1,Pre Season
15016,Melbourne United,1,0,1,0.0,48.0,92.6,95.1,103.3,104.9,-10.8,-9.8,0.639,1.28,16.0,0.333,0.679,0.5,0.176,0.462,0.486,104.2,102.0,85.0,102,0.445,32,30,4,30,32,31,7,30,21,26,30,14,18,18,22,31,32,22,30,2025-26,1,Pre Season
1610612763,Memphis Grizzlies,5,1,4,0.2,240.0,109.3,111.8,118.9,121.6,-9.6,-9.8,0.641,1.4,16.9,0.301,0.656,0.471,0.167,0.529,0.57,107.7,105.3,87.75,526,0.431,6,22,31,28,8,13,30,31,19,19,22,21,24,27,15,18,18,10,31,2025-26,1,Pre Season
1610612748,Miami Heat,6,0,6,0.0,293.0,100.7,102.6,109.6,111.4,-8.9,-8.8,0.631,1.34,16.4,0.296,0.646,0.474,0.17,0.481,0.53,108.0,106.08,88.4,648,0.461,1,30,34,30,2,29,21,28,25,24,25,22,29,26,18,29,28,8,25,2025-26,1,Pre Season
1610612749,Milwaukee Bucks,4,3,1,0.75,192.0,108.4,110.1,103.7,105.3,4.7,4.8,0.636,1.48,17.9,0.161,0.728,0.455,0.158,0.573,0.607,106.1,104.5,87.08,417,0.495,13,7,4,5,18,18,8,11,23,13,15,34,4,32,10,4,6,12,19,2025-26,1,Pre Season
1610612750,Minnesota Timberwolves,6,2,4,0.333,298.0,112.6,113.1,106.5,106.6,6.1,6.4,0.645,1.43,18.6,0.308,0.706,0.514,0.181,0.569,0.604,102.6,102.36,85.3,636,0.523,1,15,31,21,1,10,10,9,16,16,10,18,10,11,24,6,7,20,11,2025-26,1,Pre Season
1610612740,New Orleans Pelicans,4,2,2,0.5,192.0,115.5,117.9,107.6,109.2,7.9,8.7,0.538,1.56,17.0,0.352,0.653,0.512,0.153,0.548,0.59,105.1,103.25,86.04,413,0.543,13,15,13,15,18,4,16,7,34,11,21,8,25,14,6,12,12,17,8,2025-26,1,Pre Season
1610612752,New York Knicks,5,4,1,0.8,245.0,102.8,104.8,100.4,101.8,2.4,3.0,0.616,1.46,16.1,0.317,0.707,0.498,0.155,0.482,0.519,100.2,98.55,82.12,504,0.499,6,2,4,4,6,27,4,13,28,14,28,16,9,19,8,28,29,31,16,2025-26,1,Pre Season
1610612760,Oklahoma City Thunder,6,4,2,0.667,288.0,103.3,105.5,102.1,105.3,1.2,0.2,0.652,1.46,17.6,0.248,0.702,0.475,0.165,0.52,0.558,106.5,103.75,86.46,623,0.501,1,2,13,10,3,26,9,17,15,15,19,32,13,25,13,20,20,13,15,2025-26,1,Pre Season
1610612753,Orlando Magic,4,4,0,1.0,192.0,121.0,122.2,103.7,107.5,17.3,14.7,0.617,1.37,17.0,0.443,0.658,0.555,0.181,0.542,0.603,105.9,103.5,86.25,414,0.59,13,2,1,1,18,2,13,3,27,21,20,1,22,2,25,15,8,15,4,2025-26,1,Pre Season
1610612755,Philadelphia 76ers,4,1,3,0.25,192.0,96.8,99.5,108.1,109.2,-11.3,-9.7,0.596,1.16,15.2,0.324,0.668,0.492,0.181,0.466,0.517,105.2,103.25,86.04,414,0.449,13,22,24,23,18,30,17,29,31,32,31,15,19,20,25,30,30,17,27,2025-26,1,Pre Season
1610612756,Phoenix Suns,4,3,1,0.75,197.0,106.0,109.9,99.3,102.2,6.7,7.7,0.671,1.75,18.5,0.342,0.642,0.484,0.154,0.512,0.54,104.5,101.12,84.26,416,0.54,13,7,4,5,13,19,5,8,10,6,11,11,30,23,7,21,25,25,9,2025-26,1,Pre Season
1610612757,Portland Trail Blazers,4,1,3,0.25,192.0,108.5,110.7,112.3,114.1,-3.8,-3.4,0.554,1.21,14.7,0.384,0.704,0.527,0.173,0.5,0.543,112.0,110.0,91.67,440,0.448,13,22,24,23,18,15,26,21,33,28,32,3,12,7,19,24,24,1,28,2025-26,1,Pre Season
1610612758,Sacramento Kings,4,1,3,0.25,192.0,108.7,112.1,116.4,117.7,-7.6,-5.6,0.567,1.37,16.8,0.293,0.697,0.501,0.168,0.546,0.586,103.5,101.38,84.48,404,0.479,13,22,24,23,18,11,29,24,32,22,23,25,16,17,16,14,13,23,22,2025-26,1,Pre Season
1610612759,San Antonio Spurs,5,5,0,1.0,245.0,118.7,120.3,103.8,104.1,14.9,16.2,0.67,1.59,19.4,0.375,0.742,0.558,0.178,0.579,0.618,102.0,101.19,84.33,517,0.594,6,1,1,1,6,3,6,1,11,9,6,4,2,1,23,3,3,24,3,2025-26,1,Pre Season
50013,South East Melbourne Phoenix,1,0,1,0.0,48.0,89.5,92.0,127.6,127.0,-38.1,-35.0,0.686,2.18,16.0,0.371,0.632,0.463,0.11,0.379,0.411,101.2,100.0,83.33,100,0.278,32,30,4,30,32,33,32,32,8,1,29,5,32,29,1,34,34,29,33,2025-26,1,Pre Season
1610612761,Toronto Raptors,6,4,2,0.667,288.0,107.0,108.0,105.0,106.6,2.0,1.4,0.731,1.97,19.2,0.311,0.651,0.466,0.142,0.494,0.536,106.9,105.58,87.99,634,0.495,1,2,13,10,3,21,11,15,1,2,7,17,26,28,2,26,27,9,18,2025-26,1,Pre Season
1610612762,Utah Jazz,4,1,3,0.25,197.0,116.3,116.9,120.0,123.4,-3.7,-6.4,0.683,1.87,19.6,0.268,0.628,0.461,0.146,0.565,0.612,103.8,102.09,85.08,419,0.477,13,22,24,23,13,5,31,26,9,5,5,31,33,30,3,9,4,21,23,2025-26,1,Pre Season
1610612764,Washington Wizards,3,1,2,0.333,144.0,105.5,106.8,106.3,108.1,-0.8,-1.3,0.64,1.31,16.4,0.335,0.719,0.53,0.175,0.49,0.545,104.7,103.17,85.97,309,0.497,30,22,13,21,30,25,14,20,20,25,26,13,7,6,21,27,22,19,17,2025-26,1,Pre Season
1610612737,Atlanta Hawks,6,3,3,0.5,288.0,112.8,113.7,112.0,115.8,0.8,-2.1,0.663,2.34,19.8,0.261,0.633,0.45,0.119,0.536,0.571,104.3,102.17,85.14,613,0.503,1,9,14,13,4,20,16,19,6,1,4,26,29,29,2,18,19,13,17,2025-26,1,Regular Season
1610612738,Boston Celtics,6,3,3,0.5,288.0,113.3,117.2,106.7,111.2,6.6,6.0,0.532,1.86,16.1,0.342,0.647,0.493,0.122,0.529,0.558,100.3,96.58,80.49,580,0.524,1,9,14,13,4,8,8,8,30,8,27,6,28,20,3,22,25,30,9,2025-26,1,Regular Season
1610612751,Brooklyn Nets,5,0,5,0.0,240.0,111.7,114.9,126.3,129.1,-14.6,-14.1,0.601,1.54,17.4,0.335,0.647,0.478,0.16,0.54,0.577,101.5,99.0,82.5,495,0.406,12,28,28,28,19,15,30,29,20,21,20,10,27,24,18,15,17,25,30,2025-26,1,Regular Season
1610612766,Charlotte Hornets,5,2,3,0.4,240.0,117.1,119.2,117.8,119.4,-0.7,-0.2,0.65,1.68,19.3,0.332,0.731,0.536,0.163,0.582,0.616,105.7,104.1,86.75,520,0.511,12,17,14,18,19,4,26,14,8,12,7,11,4,4,25,4,7,7,12,2025-26,1,Regular Season
1610612741,Chicago Bulls,5,5,0,1.0,240.0,116.6,119.0,110.4,110.3,6.2,8.7,0.695,1.89,20.8,0.296,0.745,0.534,0.157,0.581,0.618,104.3,103.3,86.08,516,0.549,12,2,1,1,19,5,6,6,3,7,1,20,3,7,16,5,4,8,5,2025-26,1,Regular Season
1610612739,Cleveland Cavaliers,6,3,3,0.5,288.0,108.6,111.6,110.4,112.6,-1.8,-1.0,0.644,1.55,17.7,0.296,0.681,0.488,0.159,0.539,0.576,104.3,101.83,84.86,611,0.492,1,9,14,13,4,24,11,17,12,19,18,19,16,21,17,17,18,15,19,2025-26,1,Regular Season
1610612742,Dallas Mavericks,5,2,3,0.4,240.0,101.6,103.5,107.1,110.3,-5.5,-6.9,0.617,1.36,16.7,0.231,0.693,0.472,0.163,0.5,0.552,106.9,104.4,87.0,521,0.479,12,17,14,18,19,30,7,26,17,29,24,29,14,26,24,28,27,5,20,2025-26,1,Regular Season
1610612743,Denver Nuggets,5,3,2,0.6,245.0,120.1,121.1,107.3,109.6,12.7,11.5,0.646,1.92,20.1,0.32,0.711,0.536,0.148,0.585,0.631,101.6,100.11,83.43,512,0.582,12,9,6,9,13,3,4,2,11,4,3,13,10,5,10,2,1,20,2,2025-26,1,Regular Season
1610612765,Detroit Pistons,5,3,2,0.6,240.0,108.2,113.0,109.0,112.0,-0.8,1.0,0.621,1.5,17.0,0.391,0.658,0.524,0.165,0.502,0.548,105.5,101.9,84.92,509,0.51,12,9,6,9,19,22,10,12,14,24,22,3,25,8,26,27,28,14,14,2025-26,1,Regular Season
1610612744,Golden State Warriors,6,4,2,0.667,293.0,114.2,115.9,110.2,112.8,4.0,3.1,0.698,1.63,19.6,0.284,0.723,0.504,0.169,0.571,0.617,103.0,101.0,84.16,616,0.518,1,4,6,6,2,11,12,11,2,13,6,21,8,10,27,9,6,18,11,2025-26,1,Regular Season
1610612745,Houston Rockets,4,2,2,0.5,202.0,121.6,125.2,114.2,116.0,7.4,9.2,0.586,1.55,17.3,0.429,0.694,0.567,0.162,0.565,0.618,98.8,96.59,80.5,408,0.566,30,17,6,13,30,1,20,5,23,20,21,1,13,2,22,11,5,29,3,2025-26,1,Regular Season
1610612754,Indiana Pacers,5,0,5,0.0,250.0,101.7,104.9,114.7,116.2,-12.9,-11.3,0.585,1.61,15.1,0.316,0.731,0.497,0.131,0.462,0.504,104.7,102.43,85.36,535,0.409,12,28,28,28,12,29,21,28,24,14,30,14,4,15,4,30,30,11,28,2025-26,1,Regular Season
1610612746,LA Clippers,5,3,2,0.6,240.0,113.6,115.1,114.3,115.9,-0.7,-0.8,0.608,1.44,18.5,0.302,0.668,0.5,0.178,0.567,0.606,97.9,96.6,80.5,483,0.511,12,9,6,9,19,14,17,16,19,28,12,17,20,13,28,10,11,28,13,2025-26,1,Regular Season
1610612747,Los Angeles Lakers,6,4,2,0.667,288.0,114.4,116.3,113.2,115.6,1.2,0.8,0.624,1.44,18.7,0.297,0.663,0.5,0.178,0.585,0.629,102.7,100.83,84.03,606,0.527,1,4,6,6,4,10,15,13,13,27,11,18,21,13,29,3,2,19,8,2025-26,1,Regular Season
1610612763,Memphis Grizzlies,6,3,3,0.5,288.0,110.7,113.0,114.8,116.0,-4.1,-3.0,0.69,2.04,19.3,0.284,0.719,0.495,0.133,0.527,0.578,106.9,105.25,87.71,632,0.492,1,9,14,13,4,21,18,20,4,2,8,22,9,19,5,23,16,3,18,2025-26,1,Regular Season
1610612748,Miami Heat,5,3,2,0.6,240.0,115.5,117.0,105.3,106.3,10.2,10.6,0.649,1.85,19.8,0.264,0.727,0.507,0.149,0.579,0.613,108.4,107.2,89.33,536,0.548,12,9,6,9,19,9,3,3,10,9,5,25,7,9,11,7,9,1,6,2025-26,1,Regular Season
1610612749,Milwaukee Bucks,5,4,1,0.8,240.0,116.2,118.3,108.8,111.4,7.4,6.8,0.588,1.8,18.8,0.252,0.682,0.478,0.144,0.6,0.621,105.2,103.1,85.92,515,0.53,12,4,4,4,19,6,9,7,21,10,9,28,15,25,8,1,3,9,7,2025-26,1,Regular Season
1610612750,Minnesota Timberwolves,5,2,3,0.4,240.0,112.5,114.0,115.1,119.5,-2.6,-5.5,0.557,1.45,16.4,0.314,0.668,0.486,0.156,0.552,0.59,102.5,99.9,83.25,501,0.466,12,17,14,18,19,18,27,25,27,26,26,15,19,23,14,13,13,21,25,2025-26,1,Regular Season
1610612740,New Orleans Pelicans,5,0,5,0.0,245.0,104.8,107.1,120.4,121.4,-15.6,-14.3,0.567,1.45,15.2,0.312,0.63,0.458,0.145,0.479,0.528,100.8,99.23,82.69,504,0.408,12,28,28,28,13,28,29,30,26,25,29,16,30,28,9,29,29,24,29,2025-26,1,Regular Season
1610612752,New York Knicks,5,2,3,0.4,240.0,111.3,114.1,114.0,115.4,-2.7,-1.3,0.62,1.59,16.9,0.336,0.772,0.535,0.151,0.509,0.557,101.5,99.7,83.08,497,0.471,12,17,14,18,19,17,14,18,15,17,23,8,1,6,13,26,26,23,23,2025-26,1,Regular Season
1610612760,Oklahoma City Thunder,6,6,0,1.0,308.0,112.0,114.0,102.5,104.1,9.5,9.9,0.55,1.96,16.6,0.276,0.708,0.496,0.116,0.518,0.564,100.3,98.65,82.21,630,0.564,1,1,1,1,1,19,1,4,29,3,25,23,11,17,1,25,24,26,4,2025-26,1,Regular Season
1610612753,Orlando Magic,6,2,4,0.333,288.0,111.8,112.3,113.6,117.5,-1.8,-5.1,0.556,1.34,15.7,0.339,0.676,0.502,0.162,0.535,0.58,104.4,102.5,85.42,617,0.474,1,17,23,23,4,23,23,24,28,30,28,7,17,11,23,19,15,10,21,2025-26,1,Regular Season
1610612755,Philadelphia 76ers,5,4,1,0.8,245.0,119.4,122.5,114.6,118.7,4.8,3.9,0.619,1.91,17.9,0.335,0.661,0.502,0.133,0.557,0.604,102.9,99.82,83.18,510,0.52,12,4,4,4,13,2,25,10,16,5,16,9,24,12,6,12,12,22,10,2025-26,1,Regular Season
1610612756,Phoenix Suns,6,2,4,0.333,293.0,109.8,111.5,114.0,116.3,-4.2,-4.8,0.651,1.6,18.1,0.328,0.661,0.487,0.161,0.534,0.569,104.2,102.39,85.32,626,0.462,1,17,23,23,2,25,22,22,7,16,13,12,23,22,21,20,22,12,26,2025-26,1,Regular Season
1610612757,Portland Trail Blazers,6,4,2,0.667,288.0,110.9,115.4,108.9,110.1,2.0,5.3,0.649,1.61,17.9,0.364,0.653,0.497,0.16,0.52,0.569,108.2,105.5,87.92,630,0.503,1,4,6,6,4,13,5,9,9,15,15,4,26,16,19,24,21,2,16,2025-26,1,Regular Season
1610612758,Sacramento Kings,5,1,4,0.2,240.0,107.1,109.5,112.4,114.5,-5.4,-5.0,0.583,1.78,17.9,0.23,0.661,0.443,0.136,0.539,0.566,103.8,101.7,84.75,507,0.469,12,26,23,26,19,27,13,23,25,11,17,30,22,30,7,16,23,16,24,2025-26,1,Regular Season
1610612759,San Antonio Spurs,5,5,0,1.0,245.0,117.1,117.5,100.6,104.2,16.5,13.3,0.588,1.53,17.7,0.349,0.758,0.568,0.161,0.579,0.614,99.9,98.06,81.71,503,0.596,12,2,1,1,13,7,2,1,22,22,19,5,2,1,20,6,8,27,1,2025-26,1,Regular Season
1610612761,Toronto Raptors,6,2,4,0.333,288.0,113.1,114.9,117.8,118.4,-4.6,-3.5,0.675,1.9,20.4,0.255,0.675,0.462,0.15,0.576,0.607,105.3,104.25,86.88,626,0.473,1,17,23,23,4,16,24,21,5,6,2,27,18,27,12,8,10,6,22,2025-26,1,Regular Season
1610612762,Utah Jazz,5,2,3,0.4,245.0,113.9,115.6,114.4,116.0,-0.5,-0.4,0.711,1.51,18.7,0.4,0.698,0.55,0.183,0.529,0.586,103.2,101.68,84.73,520,0.506,12,17,14,18,13,12,19,15,1,23,10,2,12,3,30,21,14,17,15,2025-26,1,Regular Season
1610612764,Washington Wizards,5,1,4,0.2,245.0,108.1,110.2,118.6,120.1,-10.6,-9.9,0.613,1.58,18.0,0.267,0.728,0.495,0.156,0.543,0.571,106.9,105.21,87.67,537,0.436,12,26,23,26,13,26,28,27,18,18,14,24,6,18,15,14,20,4,27,2025-26,1,Regular Season
1610612737,Atlanta Hawks,15,10,5,0.667,730.0,113.7,115.8,110.0,112.0,3.6,3.8,0.734,1.94,21.5,0.287,0.695,0.498,0.16,0.577,0.609,104.0,102.12,85.1,1554,0.527,5,8,9,9,5,14,9,12,1,9,1,22,13,17,27,4,4,8,11,2025-26,2,Regular Season
1610612738,Boston Celtics,14,8,6,0.571,672.0,117.6,119.9,113.7,116.5,3.8,3.4,0.588,2.15,18.3,0.326,0.67,0.496,0.122,0.552,0.579,98.6,96.43,80.36,1349,0.505,18,14,13,14,23,6,19,13,27,2,19,9,26,19,1,11,17,30,15,2025-26,2,Regular Season
1610612751,Brooklyn Nets,14,3,11,0.214,672.0,106.4,110.4,117.3,119.9,-10.9,-9.5,0.675,1.59,17.9,0.298,0.67,0.475,0.159,0.513,0.559,99.5,96.68,80.57,1350,0.438,18,27,22,27,23,25,26,27,8,24,20,21,27,25,26,27,25,29,29,2025-26,2,Regular Season
1610612766,Charlotte Hornets,15,4,11,0.267,730.0,109.6,113.1,117.2,118.7,-7.6,-5.6,0.623,1.6,17.3,0.347,0.727,0.527,0.153,0.516,0.564,100.9,98.7,82.25,1501,0.465,5,20,22,23,5,17,22,21,16,23,26,4,1,4,21,25,23,26,22,2025-26,2,Regular Season
1610612741,Chicago Bulls,14,4,10,0.286,682.0,110.9,111.6,116.6,119.1,-5.7,-7.5,0.676,1.98,19.5,0.265,0.69,0.481,0.137,0.543,0.578,106.2,104.76,87.3,1492,0.475,18,20,19,20,19,22,23,24,7,8,9,26,18,24,8,16,18,2,20,2025-26,2,Regular Season
1610612739,Cleveland Cavaliers,15,9,6,0.6,725.0,115.3,117.3,110.4,112.6,4.9,4.6,0.648,2.02,19.1,0.309,0.693,0.495,0.135,0.55,0.582,104.2,102.32,85.27,1546,0.512,5,13,13,13,8,12,13,11,10,7,12,17,14,20,5,12,15,5,14,2025-26,2,Regular Season
1610612742,Dallas Mavericks,16,4,12,0.25,783.0,104.6,106.9,109.7,111.4,-5.1,-4.5,0.611,1.51,16.9,0.283,0.687,0.486,0.154,0.51,0.55,103.9,101.98,84.98,1661,0.476,1,20,26,25,1,29,8,19,22,27,27,23,21,21,22,29,29,9,19,2025-26,2,Regular Season
1610612743,Denver Nuggets,14,11,3,0.786,672.0,123.4,124.9,114.3,115.8,9.1,9.1,0.661,2.13,20.4,0.337,0.706,0.532,0.138,0.588,0.628,101.5,100.25,83.54,1402,0.549,18,4,5,6,23,1,18,5,9,5,3,6,6,2,9,1,1,20,6,2025-26,2,Regular Season
1610612765,Detroit Pistons,15,13,2,0.867,725.0,116.8,118.4,109.0,111.1,7.8,7.4,0.601,1.72,18.5,0.337,0.693,0.519,0.152,0.568,0.6,103.5,101.79,84.83,1537,0.551,5,2,2,2,8,9,6,8,25,18,18,7,15,8,19,8,8,11,4,2025-26,2,Regular Season
1610612744,Golden State Warriors,15,7,8,0.467,720.0,110.0,111.8,109.7,111.3,0.3,0.5,0.696,1.72,19.0,0.3,0.649,0.475,0.157,0.53,0.572,102.5,100.97,84.14,1512,0.494,5,16,16,16,14,21,7,16,4,19,13,20,29,27,23,20,19,14,16,2025-26,2,Regular Season
1610612745,Houston Rockets,13,11,2,0.846,629.0,118.5,121.4,107.3,108.5,11.2,12.8,0.578,1.69,17.7,0.407,0.697,0.551,0.153,0.546,0.58,99.8,98.06,81.72,1282,0.56,28,4,2,3,28,3,2,2,30,20,23,1,11,1,20,14,16,27,2,2025-26,2,Regular Season
1610612754,Indiana Pacers,15,4,11,0.267,720.0,105.2,107.1,112.2,114.9,-7.1,-7.8,0.616,1.62,16.9,0.301,0.677,0.485,0.145,0.497,0.543,103.9,101.7,84.75,1525,0.464,5,20,22,23,14,28,17,25,20,22,28,19,25,22,13,30,30,12,23,2025-26,2,Regular Season
1610612746,LA Clippers,15,2,13,0.133,730.0,110.2,113.1,117.8,120.5,-7.6,-7.4,0.603,1.5,17.3,0.282,0.679,0.484,0.157,0.54,0.588,100.2,97.81,81.51,1486,0.46,5,29,29,29,7,18,27,23,24,28,25,24,24,23,25,18,12,28,24,2025-26,2,Regular Season
1610612747,Los Angeles Lakers,13,11,2,0.846,624.0,118.7,120.2,112.9,114.6,5.8,5.6,0.611,1.74,18.6,0.309,0.718,0.518,0.149,0.582,0.625,101.7,100.35,83.62,1305,0.532,28,4,2,3,30,5,15,9,23,17,15,18,4,10,16,3,2,19,9,2025-26,2,Regular Season
1610612763,Memphis Grizzlies,15,6,9,0.4,725.0,108.0,110.3,111.8,113.8,-3.9,-3.5,0.727,1.94,19.7,0.325,0.724,0.519,0.148,0.51,0.55,101.9,99.91,83.26,1511,0.491,5,17,18,18,8,26,14,18,3,10,6,10,2,9,14,28,28,22,17,2025-26,2,Regular Season
1610612748,Miami Heat,15,10,5,0.667,725.0,113.0,115.3,109.1,112.5,3.9,2.8,0.683,2.14,20.0,0.279,0.649,0.475,0.133,0.542,0.583,108.4,105.73,88.11,1599,0.53,5,8,9,9,8,15,12,14,6,4,5,25,28,26,4,17,14,1,10,2025-26,2,Regular Season
1610612749,Milwaukee Bucks,16,5,11,0.313,778.0,112.0,113.0,115.9,117.9,-3.9,-4.9,0.645,1.88,19.5,0.245,0.688,0.465,0.144,0.575,0.595,100.5,99.18,82.65,1607,0.469,1,19,22,19,2,19,21,20,11,13,7,30,20,29,11,5,10,24,21,2025-26,2,Regular Season
1610612750,Minnesota Timberwolves,15,10,5,0.667,725.0,116.7,118.7,108.8,110.7,7.9,8.0,0.642,1.83,19.2,0.312,0.69,0.508,0.149,0.574,0.607,102.7,100.97,84.14,1526,0.545,5,8,9,9,8,8,5,6,12,15,11,15,17,12,15,6,5,15,8,2025-26,2,Regular Season
1610612740,New Orleans Pelicans,16,3,13,0.188,773.0,109.4,110.4,119.1,119.6,-9.7,-9.2,0.58,1.57,16.9,0.322,0.704,0.501,0.15,0.523,0.558,101.7,101.0,84.17,1626,0.444,1,27,29,28,3,24,25,26,29,25,29,11,8,13,17,24,26,13,27,2025-26,2,Regular Season
1610612752,New York Knicks,14,11,3,0.786,672.0,121.0,122.8,109.7,112.3,11.3,10.5,0.632,2.15,19.5,0.344,0.71,0.526,0.132,0.569,0.601,101.9,99.93,83.27,1401,0.55,18,4,5,6,23,2,10,3,15,3,8,5,5,5,3,7,7,21,5,2025-26,2,Regular Season
1610612760,Oklahoma City Thunder,15,14,1,0.933,720.0,119.6,120.9,101.8,103.3,17.9,17.5,0.623,2.1,19.4,0.255,0.704,0.496,0.127,0.582,0.625,103.2,101.9,84.92,1529,0.602,5,1,1,1,14,4,1,1,17,6,10,29,7,18,2,2,3,10,1,2025-26,2,Regular Season
1610612753,Orlando Magic,14,10,4,0.714,677.0,116.7,119.5,108.3,110.2,8.4,9.3,0.639,1.92,18.7,0.334,0.72,0.529,0.138,0.544,0.597,102.5,100.4,83.66,1416,0.557,18,8,8,8,21,7,4,4,13,11,14,8,3,3,10,15,9,18,3,2025-26,2,Regular Season
1610612755,Philadelphia 76ers,14,6,8,0.429,687.0,109.9,112.3,111.8,114.6,-1.9,-2.4,0.618,1.66,17.8,0.316,0.686,0.499,0.151,0.528,0.57,103.2,100.82,84.02,1443,0.486,18,17,16,17,18,20,16,17,18,21,21,12,22,15,18,21,20,16,18,2025-26,2,Regular Season
1610612756,Phoenix Suns,15,10,5,0.667,720.0,115.2,117.7,110.1,112.3,5.1,5.3,0.591,1.54,17.6,0.358,0.696,0.524,0.163,0.558,0.594,101.2,99.1,82.58,1489,0.517,5,8,9,9,14,11,11,10,26,26,24,3,12,6,29,10,11,25,12,2025-26,2,Regular Season
1610612757,Portland Trail Blazers,14,4,10,0.286,677.0,110.6,113.1,117.8,119.1,-7.2,-6.0,0.585,1.44,16.2,0.366,0.692,0.521,0.161,0.515,0.558,104.3,102.63,85.52,1448,0.455,18,20,19,20,21,16,24,22,28,30,30,2,16,7,28,26,27,4,25,2025-26,2,Regular Season
1610612758,Sacramento Kings,16,4,12,0.25,773.0,107.2,109.0,119.2,121.1,-12.0,-12.1,0.638,1.89,18.6,0.259,0.688,0.467,0.136,0.523,0.56,104.0,102.24,85.2,1644,0.44,1,20,26,25,3,27,28,29,14,12,17,28,19,28,6,23,24,7,28,2025-26,2,Regular Season
1610612759,San Antonio Spurs,14,8,6,0.571,672.0,116.6,118.1,113.9,116.8,2.7,1.3,0.615,1.8,18.6,0.312,0.68,0.5,0.145,0.56,0.602,102.5,100.5,83.75,1411,0.516,18,14,13,14,23,10,20,15,21,16,16,14,23,14,12,9,6,17,13,2025-26,2,Regular Season
1610612761,Toronto Raptors,15,12,3,0.8,725.0,114.0,116.6,106.5,108.7,7.5,7.9,0.69,2.16,20.5,0.315,0.697,0.512,0.137,0.547,0.584,101.5,99.38,82.82,1501,0.546,5,3,5,5,13,13,3,7,5,1,2,13,10,11,7,13,13,23,7,2025-26,2,Regular Season
1610612762,Utah Jazz,14,4,10,0.286,682.0,109.2,111.5,119.4,121.4,-10.2,-9.9,0.732,1.84,20.0,0.311,0.701,0.499,0.157,0.524,0.568,105.2,103.21,86.01,1466,0.452,18,20,19,20,19,23,29,28,2,14,4,16,9,16,24,22,21,3,26,2025-26,2,Regular Season
1610612764,Washington Wizards,13,1,12,0.077,629.0,105.9,106.9,121.4,123.4,-15.5,-16.5,0.617,1.5,17.8,0.264,0.638,0.453,0.163,0.534,0.564,103.6,102.3,85.25,1341,0.412,28,30,26,30,29,30,30,30,19,29,22,27,30,30,30,19,22,6,30,2025-26,2,Regular Season
1610612737,Atlanta Hawks,14,3,11,0.214,672.0,112.1,114.8,118.7,119.8,-6.5,-5.0,0.713,2.1,21.1,0.274,0.682,0.473,0.144,0.558,0.587,106.2,104.54,87.11,1461,0.47,1,28,29,29,8,16,27,24,2,4,1,27,21,29,17,8,14,1,25,2025-26,3,Regular Season
1610612738,Boston Celtics,12,9,3,0.75,576.0,121.0,124.3,111.5,113.3,9.5,11.0,0.532,1.81,17.3,0.329,0.683,0.51,0.134,0.583,0.614,99.2,97.13,80.94,1161,0.55,23,3,1,2,26,1,10,2,30,19,26,6,18,6,14,2,2,28,2,2025-26,3,Regular Season
1610612751,Brooklyn Nets,11,7,4,0.636,528.0,110.8,113.5,103.7,105.4,7.2,8.1,0.712,1.67,20.1,0.29,0.721,0.509,0.171,0.557,0.593,100.9,98.95,82.46,1085,0.528,30,8,3,8,30,21,1,3,3,24,4,23,5,9,28,9,9,24,6,2025-26,3,Regular Season
1610612766,Charlotte Hornets,13,5,8,0.385,629.0,111.7,116.0,115.1,117.0,-3.4,-1.0,0.676,1.78,19.3,0.338,0.697,0.517,0.157,0.551,0.582,101.8,99.13,82.61,1297,0.492,14,23,21,24,17,14,20,16,7,21,10,3,11,4,25,14,16,22,18,2025-26,3,Regular Season
1610612741,Chicago Bulls,14,7,7,0.5,672.0,112.5,113.7,115.7,118.3,-3.2,-4.6,0.684,2.01,20.0,0.299,0.725,0.51,0.142,0.55,0.582,104.5,102.75,85.63,1442,0.491,1,8,15,13,8,20,22,23,6,11,5,18,3,5,16,15,17,4,19,2025-26,3,Regular Season
1610612739,Cleveland Cavaliers,14,7,7,0.5,677.0,115.2,117.3,113.2,115.7,2.0,1.5,0.639,2.17,19.3,0.305,0.673,0.488,0.127,0.542,0.578,104.4,102.38,85.32,1443,0.509,1,8,15,13,4,10,16,14,12,3,11,15,26,25,7,18,19,8,13,2025-26,3,Regular Season
1610612742,Dallas Mavericks,13,6,7,0.462,634.0,113.6,115.4,114.8,116.6,-1.2,-1.2,0.591,1.93,19.0,0.278,0.684,0.494,0.137,0.565,0.593,103.5,101.91,84.92,1346,0.501,14,16,15,18,15,15,19,18,26,14,12,25,17,19,15,6,8,10,15,2025-26,3,Regular Season
1610612743,Denver Nuggets,14,9,5,0.643,682.0,121.6,122.9,118.0,119.4,3.6,3.6,0.643,2.4,20.4,0.253,0.715,0.494,0.119,0.593,0.63,101.8,100.68,83.9,1430,0.519,1,3,7,6,1,3,25,10,10,1,3,28,6,20,1,1,1,15,10,2025-26,3,Regular Season
1610612765,Detroit Pistons,13,9,4,0.692,629.0,113.2,117.5,107.6,109.8,5.7,7.8,0.628,1.77,18.4,0.394,0.688,0.538,0.153,0.532,0.569,102.8,99.89,83.24,1307,0.538,14,3,3,4,17,9,3,4,13,22,16,2,15,2,23,21,22,18,3,2025-26,3,Regular Season
1610612744,Golden State Warriors,13,7,6,0.538,629.0,113.3,116.3,110.3,111.9,3.0,4.5,0.697,1.8,19.9,0.321,0.693,0.506,0.16,0.554,0.591,102.3,100.24,83.53,1311,0.516,14,8,11,11,17,11,5,8,5,20,6,9,13,11,26,13,11,17,12,2025-26,3,Regular Season
1610612745,Houston Rockets,13,7,6,0.538,639.0,117.5,120.4,113.8,116.2,3.7,4.1,0.573,1.47,17.9,0.414,0.707,0.564,0.177,0.569,0.6,98.7,96.53,80.44,1287,0.53,14,8,11,11,14,4,17,9,27,29,22,1,8,1,29,5,7,29,5,2025-26,3,Regular Season
1610612754,Indiana Pacers,14,2,12,0.143,672.0,109.2,109.8,117.3,118.8,-8.0,-9.0,0.61,1.81,17.6,0.252,0.67,0.454,0.133,0.526,0.564,101.7,100.79,83.99,1409,0.449,1,30,30,30,8,29,24,29,18,18,25,29,27,30,12,26,24,14,29,2025-26,3,Regular Season
1610612746,LA Clippers,12,6,6,0.5,576.0,115.5,117.9,111.0,113.0,4.5,4.9,0.602,1.61,17.7,0.292,0.699,0.502,0.152,0.563,0.609,97.4,95.5,79.58,1147,0.522,23,16,11,13,26,8,9,7,22,25,24,21,10,13,22,7,4,30,8,2025-26,3,Regular Season
1610612747,Los Angeles Lakers,12,5,7,0.417,576.0,112.7,114.2,119.4,122.4,-6.8,-8.2,0.563,1.53,16.9,0.297,0.682,0.486,0.151,0.549,0.585,100.2,98.33,81.94,1181,0.453,23,23,15,23,26,18,29,28,28,28,28,20,20,26,20,17,15,25,28,2025-26,3,Regular Season
1610612763,Memphis Grizzlies,12,6,6,0.5,581.0,111.9,116.1,109.5,112.8,2.4,3.3,0.672,1.81,19.8,0.318,0.683,0.508,0.157,0.556,0.592,106.0,102.57,85.47,1243,0.531,23,16,11,13,24,12,8,11,8,17,8,10,19,10,24,12,10,6,4,2025-26,3,Regular Season
1610612748,Miami Heat,13,5,8,0.385,624.0,112.2,114.2,111.7,114.3,0.4,-0.1,0.622,2.1,18.5,0.301,0.735,0.509,0.125,0.533,0.568,104.3,102.23,85.19,1332,0.502,14,23,21,24,20,19,14,15,16,6,13,16,2,8,6,20,23,9,14,2025-26,3,Regular Season
1610612749,Milwaukee Bucks,13,5,8,0.385,624.0,109.4,111.1,112.0,115.2,-2.6,-4.1,0.626,1.55,18.2,0.278,0.68,0.489,0.161,0.556,0.589,100.3,98.12,81.76,1276,0.484,14,23,21,24,20,25,15,22,14,27,19,26,23,23,27,11,12,26,23,2025-26,3,Regular Season
1610612750,Minnesota Timberwolves,14,9,5,0.643,682.0,113.6,114.8,109.0,112.5,4.6,2.3,0.639,2.08,18.5,0.291,0.695,0.493,0.125,0.537,0.575,103.4,101.24,84.37,1442,0.518,1,3,7,6,1,17,7,12,11,8,15,22,12,21,4,19,20,13,11,2025-26,3,Regular Season
1610612740,New Orleans Pelicans,14,5,9,0.357,682.0,114.3,116.0,115.1,118.4,-0.7,-2.4,0.596,2.05,18.2,0.299,0.657,0.482,0.123,0.532,0.579,106.0,103.78,86.48,1475,0.5,1,23,27,27,1,13,23,19,24,9,20,19,28,27,3,22,18,2,16,2025-26,3,Regular Season
1610612752,New York Knicks,14,10,4,0.714,672.0,121.3,123.2,114.9,118.0,6.4,5.2,0.624,2.1,19.4,0.317,0.675,0.502,0.132,0.576,0.609,101.2,99.11,82.59,1388,0.525,1,2,3,3,8,2,21,6,15,5,9,12,24,12,10,4,5,23,7,2025-26,3,Regular Season
1610612760,Oklahoma City Thunder,13,9,4,0.692,624.0,118.5,118.7,105.5,106.2,13.0,12.5,0.559,2.02,18.2,0.25,0.723,0.498,0.123,0.581,0.613,103.1,102.69,85.58,1337,0.565,14,3,3,4,20,6,2,1,29,10,17,30,4,16,2,3,3,5,1,2025-26,3,Regular Season
1610612753,Orlando Magic,14,7,7,0.5,677.0,108.7,110.6,113.1,114.0,-4.3,-3.4,0.644,2.08,18.5,0.3,0.71,0.498,0.125,0.51,0.549,102.5,101.25,84.37,1429,0.484,1,8,15,13,4,26,13,20,9,7,14,17,7,15,5,28,27,12,22,2025-26,3,Regular Season
1610612755,Philadelphia 76ers,12,7,5,0.583,581.0,110.2,113.1,110.4,111.2,-0.2,1.9,0.597,1.81,16.5,0.328,0.687,0.497,0.129,0.497,0.546,101.5,99.84,83.2,1206,0.489,23,8,7,9,24,23,4,13,23,16,30,8,16,17,8,30,28,20,20,2025-26,3,Regular Season
1610612756,Phoenix Suns,12,7,5,0.583,576.0,110.2,112.4,111.5,113.6,-1.3,-1.2,0.604,1.73,17.9,0.334,0.674,0.496,0.147,0.527,0.558,101.8,99.83,83.19,1198,0.493,23,8,7,9,26,24,11,17,21,23,23,5,25,18,19,25,26,21,17,2025-26,3,Regular Season
1610612757,Portland Trail Blazers,14,6,8,0.429,677.0,107.5,110.5,112.9,116.4,-5.3,-5.8,0.611,1.3,16.8,0.336,0.682,0.509,0.181,0.531,0.57,104.5,101.57,84.64,1434,0.457,1,16,21,20,4,27,18,26,17,30,29,4,22,7,30,23,21,11,27,2025-26,3,Regular Season
1610612758,Sacramento Kings,12,3,9,0.25,586.0,106.2,108.0,115.8,119.4,-9.7,-11.5,0.591,1.58,17.0,0.318,0.65,0.478,0.151,0.51,0.545,102.3,99.89,83.24,1220,0.447,23,28,27,28,23,30,26,30,25,26,27,11,30,28,21,29,29,19,30,2025-26,3,Regular Season
1610612759,San Antonio Spurs,14,11,3,0.786,672.0,116.4,119.0,111.0,111.9,5.3,7.1,0.607,1.95,18.2,0.311,0.743,0.526,0.132,0.549,0.588,104.0,102.43,85.36,1429,0.519,1,1,1,1,8,5,6,5,20,13,18,14,1,3,9,16,13,7,9,2025-26,3,Regular Season
1610612761,Toronto Raptors,14,6,8,0.429,677.0,107.0,109.9,111.9,114.0,-4.9,-4.0,0.702,1.99,19.9,0.328,0.692,0.5,0.147,0.514,0.544,99.8,97.6,81.33,1378,0.485,1,16,21,20,4,28,12,21,4,12,7,7,14,14,18,27,30,27,21,2025-26,3,Regular Season
1610612762,Utah Jazz,13,6,7,0.462,634.0,116.7,118.6,121.6,123.7,-4.9,-5.1,0.72,2.23,20.6,0.28,0.702,0.49,0.132,0.557,0.601,105.0,103.23,86.03,1364,0.476,14,16,15,18,15,7,30,25,1,2,2,24,9,22,11,10,6,3,24,2025-26,3,Regular Season
1610612764,Washington Wizards,14,6,8,0.429,672.0,111.9,113.3,116.9,120.7,-5.0,-7.4,0.608,1.91,18.0,0.315,0.655,0.488,0.133,0.529,0.564,102.6,100.36,83.63,1409,0.467,1,16,21,20,8,22,28,27,19,15,21,13,29,24,12,24,25,16,26,2025-26,3,Regular Season
1610612737,Atlanta Hawks,16,8,8,0.5,768.0,108.3,109.7,109.9,111.5,-1.6,-1.9,0.699,2.23,20.2,0.257,0.721,0.481,0.128,0.532,0.559,104.2,102.75,85.63,1646,0.486,8,16,18,17,10,27,10,20,6,4,7,25,8,25,5,18,23,3,20,2025-26,4,Regular Season
1610612738,Boston Celtics,16,10,6,0.625,778.0,115.9,119.9,109.7,111.9,6.2,8.0,0.561,2.04,17.5,0.342,0.717,0.529,0.122,0.547,0.574,97.5,94.89,79.07,1536,0.524,8,4,5,6,8,2,12,2,30,8,27,5,9,3,3,11,14,28,5,2025-26,4,Regular Season
1610612751,Brooklyn Nets,17,3,14,0.176,831.0,106.8,109.4,118.3,120.6,-11.5,-11.3,0.662,1.78,18.2,0.299,0.687,0.481,0.145,0.513,0.549,95.7,93.66,78.05,1620,0.433,1,28,29,29,1,29,29,29,11,19,18,16,19,24,16,29,29,30,30,2025-26,4,Regular Season
1610612766,Charlotte Hornets,17,11,6,0.647,816.0,117.6,121.1,108.2,109.6,9.4,11.5,0.653,1.77,19.4,0.361,0.736,0.556,0.161,0.569,0.604,98.8,96.76,80.64,1644,0.55,1,1,5,5,5,1,5,1,13,21,10,2,3,1,30,4,2,25,1,2025-26,4,Regular Season
1610612741,Chicago Bulls,16,8,8,0.5,768.0,114.3,115.8,112.1,114.3,2.3,1.5,0.715,2.32,21.6,0.255,0.741,0.503,0.133,0.572,0.598,101.5,99.88,83.23,1598,0.512,8,16,18,17,10,9,20,13,2,1,1,26,2,11,8,2,6,14,15,2025-26,4,Regular Season
1610612739,Cleveland Cavaliers,15,10,5,0.667,720.0,115.0,117.2,111.4,113.4,3.6,3.8,0.681,1.88,20.6,0.315,0.711,0.517,0.158,0.57,0.599,102.7,100.77,83.97,1509,0.523,17,4,3,4,20,3,16,7,8,14,6,10,14,6,27,3,5,9,7,2025-26,4,Regular Season
1610612742,Dallas Mavericks,15,7,8,0.467,720.0,109.4,111.8,110.0,111.2,-0.7,0.6,0.584,1.77,17.6,0.292,0.73,0.515,0.138,0.539,0.569,104.3,102.67,85.56,1541,0.503,17,20,18,20,20,18,9,17,26,20,24,19,4,7,12,16,18,4,17,2025-26,4,Regular Season
1610612743,Denver Nuggets,16,10,6,0.625,773.0,112.8,115.6,114.4,116.4,-1.6,-0.8,0.652,2.31,19.2,0.24,0.679,0.469,0.114,0.545,0.584,96.5,94.42,78.68,1520,0.5,8,4,5,6,9,10,24,19,14,2,12,28,22,29,2,13,10,29,18,2025-26,4,Regular Season
1610612765,Detroit Pistons,14,10,4,0.714,672.0,109.1,112.4,103.3,104.8,5.8,7.5,0.641,1.69,18.7,0.322,0.697,0.511,0.157,0.532,0.568,102.3,100.04,83.36,1398,0.545,27,4,1,2,27,17,1,3,16,25,14,8,18,9,25,19,19,12,2,2025-26,4,Regular Season
1610612744,Golden State Warriors,16,9,7,0.563,768.0,114.1,115.9,110.9,112.9,3.1,3.0,0.715,2.17,20.8,0.279,0.712,0.49,0.138,0.564,0.593,104.0,102.31,85.26,1642,0.515,8,11,12,14,10,8,14,10,3,5,3,21,12,20,11,6,7,6,10,2025-26,4,Regular Season
1610612745,Houston Rockets,17,10,7,0.588,821.0,108.3,111.3,107.0,110.0,1.3,1.2,0.588,1.79,16.9,0.393,0.703,0.542,0.139,0.497,0.526,98.9,96.2,80.17,1648,0.511,1,4,12,12,3,23,8,15,24,18,29,1,16,2,14,30,30,27,16,2025-26,4,Regular Season
1610612754,Indiana Pacers,15,7,8,0.467,720.0,107.8,109.4,112.4,114.1,-4.7,-4.6,0.717,1.97,20.6,0.251,0.741,0.494,0.148,0.542,0.571,103.9,102.37,85.31,1535,0.484,17,20,18,20,20,28,18,23,1,11,5,27,1,19,19,15,16,5,22,2025-26,4,Regular Season
1610612746,LA Clippers,15,11,4,0.733,725.0,115.5,117.0,111.7,113.8,3.8,3.3,0.587,1.65,17.6,0.282,0.676,0.488,0.146,0.559,0.605,98.1,96.6,80.5,1457,0.512,17,1,1,1,18,4,17,9,25,26,23,20,24,22,18,7,1,26,14,2025-26,4,Regular Season
1610612747,Los Angeles Lakers,16,9,7,0.563,768.0,115.3,116.3,113.6,115.8,1.7,0.5,0.615,1.87,18.8,0.276,0.712,0.502,0.139,0.569,0.603,100.7,99.38,82.81,1593,0.512,8,11,12,14,10,7,21,18,18,15,13,22,13,12,13,5,3,16,13,2025-26,4,Regular Season
1610612763,Memphis Grizzlies,14,3,11,0.214,672.0,107.8,111.5,113.4,116.5,-5.6,-5.0,0.692,1.79,19.5,0.341,0.66,0.497,0.159,0.519,0.552,103.2,100.07,83.39,1399,0.475,27,28,25,28,27,21,25,25,7,17,9,6,28,16,29,25,27,11,25,2025-26,4,Regular Season
1610612748,Miami Heat,17,8,9,0.471,816.0,108.7,110.6,112.3,113.2,-3.6,-2.6,0.661,1.81,18.4,0.308,0.716,0.502,0.145,0.516,0.555,107.4,106.03,88.36,1803,0.483,1,16,24,19,5,26,15,21,12,16,17,12,10,13,17,27,25,1,23,2025-26,4,Regular Season
1610612749,Milwaukee Bucks,12,4,8,0.333,576.0,109.6,110.8,115.8,118.0,-6.2,-7.2,0.668,2.03,19.6,0.238,0.71,0.478,0.135,0.548,0.576,99.4,97.92,81.6,1174,0.467,30,25,18,24,30,25,27,26,10,9,8,29,15,26,9,10,13,22,26,2025-26,4,Regular Season
1610612750,Minnesota Timberwolves,16,10,6,0.625,768.0,116.1,116.9,107.4,109.8,8.7,7.1,0.607,1.76,18.6,0.31,0.722,0.52,0.149,0.578,0.602,104.5,102.91,85.76,1647,0.534,8,4,5,6,10,5,6,5,21,22,16,11,6,5,20,1,4,2,4,2025-26,4,Regular Season
1610612740,New Orleans Pelicans,16,5,11,0.313,768.0,109.1,111.4,113.1,116.0,-4.0,-4.6,0.596,1.72,17.5,0.331,0.68,0.504,0.144,0.517,0.553,102.6,100.25,83.54,1606,0.485,8,24,25,25,10,22,22,24,23,23,25,7,21,10,15,26,26,10,21,2025-26,4,Regular Season
1610612752,New York Knicks,15,7,8,0.467,720.0,110.8,112.7,108.6,109.9,2.2,2.8,0.629,1.71,18.2,0.343,0.728,0.528,0.153,0.53,0.56,99.0,97.63,81.36,1466,0.512,17,20,18,20,20,16,7,11,17,24,19,3,5,4,23,21,22,23,12,2025-26,4,Regular Season
1610612760,Oklahoma City Thunder,15,9,6,0.6,725.0,114.4,115.5,106.7,108.3,7.7,7.2,0.583,2.13,17.9,0.233,0.657,0.459,0.114,0.549,0.591,101.1,99.84,83.2,1507,0.544,17,11,5,9,18,11,4,4,27,6,21,30,29,30,1,9,8,15,3,2025-26,4,Regular Season
1610612753,Orlando Magic,13,6,7,0.462,629.0,110.7,113.1,116.1,117.7,-5.4,-4.6,0.669,1.98,19.2,0.3,0.722,0.499,0.137,0.529,0.571,101.1,99.32,82.77,1303,0.478,29,23,12,23,29,14,26,22,9,10,11,15,7,15,10,22,17,17,24,2025-26,4,Regular Season
1610612755,Philadelphia 76ers,17,10,7,0.588,831.0,115.6,116.4,110.4,114.1,5.2,2.3,0.582,1.89,17.8,0.292,0.643,0.472,0.131,0.552,0.591,100.9,98.83,82.36,1711,0.514,1,4,12,12,1,6,19,12,28,13,22,18,30,28,7,8,9,19,11,2025-26,4,Regular Season
1610612756,Phoenix Suns,16,11,5,0.688,768.0,112.6,114.6,106.5,108.1,6.1,6.6,0.596,1.62,17.5,0.317,0.675,0.496,0.151,0.544,0.579,99.8,98.16,81.8,1570,0.523,8,1,3,3,10,12,2,6,22,28,26,9,26,17,21,14,12,21,6,2025-26,4,Regular Season
1610612757,Portland Trail Blazers,15,9,6,0.6,720.0,110.2,113.0,109.7,111.7,0.6,1.2,0.574,1.47,16.5,0.342,0.678,0.512,0.158,0.53,0.565,102.1,99.93,83.28,1498,0.497,17,11,5,9,20,15,11,16,29,30,30,4,23,8,26,20,21,13,19,2025-26,4,Regular Season
1610612758,Sacramento Kings,17,4,13,0.235,816.0,109.8,111.2,116.8,119.9,-7.0,-8.7,0.607,1.63,18.0,0.307,0.672,0.494,0.154,0.535,0.572,99.4,97.44,81.2,1657,0.461,1,25,28,27,5,24,28,28,20,27,20,14,27,18,24,17,15,24,27,2025-26,4,Regular Season
1610612759,San Antonio Spurs,15,8,7,0.533,720.0,109.4,111.6,106.2,108.1,3.1,3.5,0.647,2.13,18.7,0.264,0.701,0.487,0.122,0.52,0.558,101.1,99.2,82.67,1486,0.519,17,16,12,16,20,19,3,8,15,7,15,24,17,23,4,24,24,18,8,2025-26,4,Regular Season
1610612761,Toronto Raptors,15,9,6,0.6,730.0,111.8,113.6,110.6,112.2,1.2,1.4,0.71,2.3,20.7,0.296,0.714,0.501,0.13,0.529,0.568,100.1,98.56,82.14,1497,0.517,17,11,5,9,17,13,13,14,4,3,4,17,11,14,6,23,20,20,9,2025-26,4,Regular Season
1610612762,Utah Jazz,17,3,14,0.176,821.0,110.1,111.5,122.9,124.5,-12.8,-13.0,0.706,1.95,20.8,0.271,0.675,0.473,0.152,0.546,0.579,103.4,102.11,85.09,1746,0.447,1,28,29,29,3,20,30,30,5,12,2,23,25,27,22,12,11,8,29,2025-26,4,Regular Season
1610612764,Washington Wizards,15,4,11,0.267,720.0,106.5,107.5,114.0,116.1,-7.5,-8.6,0.611,1.53,17.3,0.308,0.685,0.488,0.158,0.513,0.551,103.7,102.3,85.25,1537,0.451,17,25,25,26,20,30,23,27,19,29,28,13,20,21,28,28,28,7,28,2025-26,4,Regular Season
1610612737,Atlanta Hawks,10,6,4,0.6,480.0,110.8,113.1,109.0,111.1,1.8,2.0,0.688,2.21,19.2,0.321,0.716,0.515,0.126,0.516,0.555,104.9,102.8,85.67,1029,0.517,25,10,6,9,26,19,12,14,3,4,12,8,7,7,3,27,26,7,13,2025-26,5,Regular Season
1610612738,Boston Celtics,11,9,2,0.818,528.0,114.5,117.8,104.7,105.5,9.8,12.3,0.64,2.09,19.3,0.355,0.742,0.555,0.136,0.542,0.568,94.5,92.86,77.39,1021,0.568,9,2,2,2,15,6,1,3,17,6,11,4,2,2,13,17,23,30,3,2025-26,5,Regular Season
1610612751,Brooklyn Nets,12,2,10,0.167,576.0,103.4,104.7,119.2,121.3,-15.8,-16.6,0.683,1.58,18.6,0.288,0.706,0.484,0.165,0.518,0.55,101.0,99.5,82.92,1197,0.41,1,26,29,29,4,29,28,29,5,25,15,19,11,22,26,26,28,17,30,2025-26,5,Regular Season
1610612766,Charlotte Hornets,11,8,3,0.727,528.0,116.3,119.5,109.1,110.6,7.2,8.9,0.644,1.52,18.0,0.401,0.735,0.563,0.174,0.552,0.591,98.1,96.09,80.08,1060,0.527,9,4,4,4,15,4,10,6,15,26,21,1,3,1,28,12,9,27,10,2025-26,5,Regular Season
1610612741,Chicago Bulls,11,0,11,0.0,528.0,102.4,104.6,118.7,121.7,-16.4,-17.0,0.638,1.32,17.1,0.287,0.662,0.47,0.178,0.513,0.551,104.4,101.95,84.96,1122,0.413,9,30,30,30,15,30,29,30,18,30,28,21,24,26,29,28,27,10,29,2025-26,5,Regular Season
1610612739,Cleveland Cavaliers,11,8,3,0.727,533.0,119.5,121.5,107.6,110.6,11.9,10.9,0.657,2.11,20.2,0.336,0.643,0.5,0.138,0.574,0.609,100.7,98.57,82.14,1095,0.567,9,4,4,4,12,1,9,4,11,5,5,6,30,14,14,3,1,20,4,2025-26,5,Regular Season
1610612742,Dallas Mavericks,10,2,8,0.2,480.0,110.3,111.8,119.6,120.5,-9.4,-8.7,0.565,1.81,17.1,0.28,0.7,0.489,0.129,0.534,0.57,104.6,103.5,86.25,1035,0.46,25,26,24,26,26,22,26,24,30,19,27,23,16,20,5,22,21,2,24,2025-26,5,Regular Season
1610612743,Denver Nuggets,11,4,7,0.364,543.0,115.1,118.0,111.9,112.8,3.2,5.1,0.679,1.95,19.5,0.316,0.743,0.533,0.144,0.554,0.595,102.7,100.99,84.16,1141,0.528,9,20,21,21,9,5,14,10,6,14,8,10,1,3,17,11,7,14,9,2025-26,5,Regular Season
1610612765,Detroit Pistons,11,9,2,0.818,533.0,115.5,119.7,103.9,106.3,11.6,13.3,0.605,1.99,18.6,0.366,0.694,0.531,0.136,0.539,0.576,102.0,99.06,82.55,1097,0.57,9,2,2,2,12,3,3,2,22,10,16,2,19,4,11,19,19,19,2,2025-26,5,Regular Season
1610612744,Golden State Warriors,10,4,6,0.4,480.0,110.5,112.0,115.2,116.5,-4.8,-4.5,0.745,1.96,21.5,0.295,0.682,0.485,0.161,0.559,0.579,99.6,98.4,82.0,984,0.477,25,20,17,20,26,21,20,23,1,12,1,18,22,21,25,8,18,22,22,2025-26,5,Regular Season
1610612745,Houston Rockets,12,7,5,0.583,576.0,111.5,113.6,108.9,110.9,2.6,2.8,0.591,1.48,17.7,0.341,0.667,0.513,0.168,0.549,0.583,97.7,95.96,79.97,1151,0.521,1,9,13,13,4,17,11,11,24,28,24,5,23,9,27,14,15,28,11,2025-26,5,Regular Season
1610612754,Indiana Pacers,11,2,9,0.182,533.0,109.7,110.1,117.7,119.2,-8.0,-9.1,0.696,1.95,20.2,0.23,0.698,0.461,0.144,0.557,0.587,104.2,103.38,86.15,1151,0.454,9,26,27,27,12,25,24,26,2,13,4,30,17,29,18,10,12,5,25,2025-26,5,Regular Season
1610612746,LA Clippers,11,5,6,0.455,528.0,109.3,111.3,109.5,113.0,-0.1,-1.7,0.586,1.49,17.4,0.284,0.703,0.507,0.159,0.542,0.587,99.0,96.64,80.53,1064,0.51,9,19,17,19,15,23,15,19,25,27,26,22,14,11,24,18,11,25,15,2025-26,5,Regular Season
1610612747,Los Angeles Lakers,12,6,6,0.5,576.0,113.2,114.3,112.7,114.6,0.5,-0.3,0.616,1.82,18.9,0.256,0.719,0.495,0.143,0.57,0.603,99.8,98.46,82.05,1184,0.503,1,10,17,17,4,16,17,17,20,17,14,29,5,18,16,5,4,21,17,2025-26,5,Regular Season
1610612763,Memphis Grizzlies,11,4,7,0.364,528.0,115.5,116.2,116.2,120.1,-0.7,-3.9,0.658,2.05,19.9,0.262,0.649,0.456,0.135,0.572,0.604,105.0,102.91,85.76,1134,0.489,9,20,21,21,15,10,25,22,10,7,6,27,28,30,9,4,3,6,19,2025-26,5,Regular Season
1610612748,Miami Heat,11,6,5,0.545,528.0,115.2,116.4,105.8,106.8,9.5,9.6,0.667,2.24,19.6,0.301,0.728,0.515,0.126,0.538,0.572,104.5,103.46,86.22,1137,0.545,9,10,13,14,24,8,4,5,8,3,7,15,4,8,2,20,20,3,5,2025-26,5,Regular Season
1610612749,Milwaukee Bucks,12,8,4,0.667,581.0,113.7,116.6,116.9,117.7,-3.2,-1.1,0.578,1.73,18.4,0.287,0.717,0.51,0.148,0.576,0.597,98.0,96.45,80.38,1165,0.481,1,4,6,6,2,7,23,18,27,21,19,20,6,10,21,2,5,26,20,2025-26,5,Regular Season
1610612750,Minnesota Timberwolves,10,6,4,0.6,480.0,115.3,116.4,113.4,115.5,2.0,0.9,0.576,1.68,17.7,0.303,0.684,0.495,0.146,0.566,0.595,103.3,101.9,84.92,1019,0.506,25,10,6,9,26,9,19,15,28,23,23,14,21,19,20,6,8,11,16,2025-26,5,Regular Season
1610612740,New Orleans Pelicans,10,6,4,0.6,485.0,114.6,116.1,110.9,113.9,3.6,2.2,0.652,1.96,19.4,0.278,0.657,0.478,0.138,0.561,0.596,102.7,100.71,83.92,1019,0.52,25,10,6,9,25,11,16,12,14,11,9,24,26,24,15,7,6,15,12,2025-26,5,Regular Season
1610612752,New York Knicks,12,8,4,0.667,591.0,114.7,116.1,106.3,108.4,8.4,7.6,0.676,2.36,20.3,0.275,0.711,0.498,0.122,0.558,0.588,98.7,97.14,80.95,1194,0.543,1,4,6,6,1,12,5,7,7,1,3,26,10,16,1,9,10,24,6,2025-26,5,Regular Season
1610612760,Oklahoma City Thunder,12,8,4,0.667,581.0,113.9,116.0,107.3,109.2,6.6,6.8,0.642,1.81,18.6,0.312,0.7,0.507,0.146,0.549,0.585,101.0,99.26,82.72,1202,0.536,1,4,6,6,2,13,6,8,16,18,17,11,15,12,19,15,14,18,8,2025-26,5,Regular Season
1610612753,Orlando Magic,11,6,5,0.545,538.0,109.5,112.2,106.8,110.1,2.7,2.1,0.658,2.02,19.0,0.259,0.692,0.475,0.131,0.529,0.569,100.5,97.78,81.49,1095,0.512,9,10,13,14,10,20,8,13,9,9,13,28,20,25,6,24,22,23,14,2025-26,5,Regular Season
1610612755,Philadelphia 76ers,11,6,5,0.545,528.0,113.7,115.1,114.2,115.1,-0.5,0.0,0.576,1.76,17.0,0.299,0.703,0.496,0.134,0.533,0.581,102.4,101.45,84.55,1116,0.494,9,10,13,14,15,15,18,16,29,20,29,16,13,17,8,23,16,13,18,2025-26,5,Regular Season
1610612756,Phoenix Suns,11,4,7,0.364,538.0,106.0,107.7,114.8,116.8,-8.8,-9.1,0.584,1.86,16.6,0.307,0.647,0.462,0.127,0.496,0.518,95.3,93.72,78.1,1049,0.43,9,20,21,21,10,28,21,25,26,16,30,13,29,28,4,29,30,29,28,2025-26,5,Regular Season
1610612757,Portland Trail Blazers,12,6,6,0.5,576.0,111.9,113.5,116.1,117.4,-4.2,-3.9,0.636,1.45,18.3,0.363,0.696,0.522,0.181,0.551,0.579,103.9,102.54,85.45,1235,0.476,1,10,17,17,4,18,22,21,19,29,20,3,18,6,30,13,17,9,23,2025-26,5,Regular Season
1610612758,Sacramento Kings,11,2,9,0.182,528.0,108.2,110.2,120.7,121.9,-12.6,-11.6,0.612,1.92,17.7,0.332,0.705,0.499,0.131,0.494,0.537,103.0,101.5,84.58,1113,0.443,9,26,27,27,15,24,30,27,21,15,22,7,12,15,7,30,29,12,26,2025-26,5,Regular Season
1610612759,San Antonio Spurs,11,11,0,1.0,528.0,118.2,121.3,104.9,106.2,13.3,15.1,0.684,2.26,21.1,0.317,0.714,0.527,0.136,0.576,0.605,105.4,103.41,86.17,1132,0.571,9,1,1,1,15,2,2,1,4,2,2,9,8,5,12,1,2,4,1,2025-26,5,Regular Season
1610612761,Toronto Raptors,10,6,4,0.6,480.0,114.4,115.3,105.9,109.9,8.5,5.4,0.652,2.03,19.3,0.298,0.654,0.48,0.135,0.547,0.587,102.2,99.95,83.29,1000,0.54,25,10,6,9,26,14,7,9,13,8,10,17,27,23,10,16,13,16,7,2025-26,5,Regular Season
1610612762,Utah Jazz,11,3,8,0.273,528.0,107.8,109.4,112.2,112.5,-4.3,-3.1,0.653,1.68,18.4,0.31,0.712,0.505,0.155,0.518,0.556,106.0,105.05,87.54,1155,0.481,9,25,24,25,15,26,13,20,12,22,18,12,9,13,23,25,25,1,21,2025-26,5,Regular Season
1610612764,Washington Wizards,12,4,8,0.333,576.0,107.4,109.1,119.4,120.8,-12.0,-11.7,0.592,1.63,17.6,0.277,0.659,0.463,0.149,0.536,0.565,104.1,102.71,85.59,1232,0.439,1,20,24,24,4,27,27,28,23,24,25,25,25,27,22,21,24,8,27,2025-26,5,Regular Season
1610612737,Atlanta Hawks,15,13,2,0.867,725.0,119.8,120.8,107.4,109.4,12.4,11.5,0.665,2.24,20.5,0.324,0.71,0.515,0.133,0.576,0.605,101.8,100.5,83.75,1521,0.556,19,4,2,4,20,7,5,3,8,6,5,9,9,9,10,5,6,11,4,2025-26,6,Regular Season
1610612738,Boston Celtics,16,11,5,0.688,768.0,113.1,115.5,108.8,109.6,4.3,6.0,0.621,1.89,17.8,0.33,0.757,0.545,0.134,0.527,0.568,96.7,95.31,79.43,1525,0.531,9,6,5,5,12,16,6,10,23,16,26,7,2,3,12,27,26,30,10,2025-26,6,Regular Season
1610612751,Brooklyn Nets,17,3,14,0.176,816.0,101.7,103.6,114.0,116.0,-12.2,-12.4,0.662,1.36,17.6,0.274,0.662,0.463,0.177,0.508,0.552,100.9,99.12,82.6,1684,0.418,3,25,27,26,6,30,16,28,9,30,28,25,28,27,30,29,29,19,29,2025-26,6,Regular Season
1610612766,Charlotte Hornets,15,10,5,0.667,720.0,116.8,121.3,107.5,109.3,9.3,12.0,0.628,1.81,18.4,0.359,0.728,0.54,0.147,0.558,0.593,98.5,95.87,79.89,1438,0.544,19,9,5,7,24,4,4,2,21,19,17,2,5,5,20,10,10,28,6,2025-26,6,Regular Season
1610612741,Chicago Bulls,15,5,10,0.333,725.0,110.2,112.3,114.3,116.9,-4.1,-4.6,0.647,1.77,18.9,0.282,0.706,0.498,0.149,0.549,0.58,107.2,105.04,87.53,1587,0.48,19,21,21,21,20,22,17,20,14,20,14,22,13,13,21,14,15,1,20,2025-26,6,Regular Season
1610612739,Cleveland Cavaliers,15,10,5,0.667,720.0,119.4,121.2,115.7,117.9,3.7,3.3,0.652,2.3,20.1,0.28,0.72,0.501,0.123,0.575,0.609,99.8,98.13,81.78,1472,0.512,19,9,5,7,24,5,23,13,12,4,7,23,6,12,3,6,5,25,16,2025-26,6,Regular Season
1610612742,Dallas Mavericks,17,3,14,0.176,826.0,105.5,106.5,117.1,118.6,-11.6,-12.1,0.644,1.71,17.9,0.275,0.713,0.488,0.145,0.505,0.547,103.3,102.25,85.21,1757,0.444,3,25,27,26,3,29,24,27,16,22,25,24,8,23,17,30,30,5,26,2025-26,6,Regular Season
1610612743,Denver Nuggets,16,11,5,0.688,773.0,120.8,121.6,116.3,117.1,4.5,4.6,0.708,2.41,21.4,0.265,0.749,0.519,0.126,0.59,0.629,101.8,101.15,84.29,1631,0.52,9,6,5,5,10,3,18,12,2,3,2,27,3,7,5,1,1,8,13,2025-26,6,Regular Season
1610612765,Detroit Pistons,18,11,7,0.611,874.0,116.1,118.3,107.4,109.9,8.6,8.4,0.682,2.04,20.4,0.341,0.686,0.518,0.146,0.556,0.593,100.5,98.42,82.01,1791,0.557,1,6,13,12,1,10,7,6,6,10,6,6,20,8,18,11,8,24,3,2025-26,6,Regular Season
1610612744,Golden State Warriors,15,5,10,0.333,735.0,109.6,111.4,115.7,117.3,-6.0,-5.9,0.694,1.68,19.3,0.328,0.673,0.491,0.166,0.536,0.569,100.2,98.68,82.23,1510,0.468,19,21,21,21,19,26,21,22,4,24,12,8,24,20,27,23,24,22,22,2025-26,6,Regular Season
1610612745,Houston Rockets,16,9,7,0.563,778.0,113.1,115.6,112.6,113.7,0.5,1.8,0.626,1.67,18.8,0.366,0.717,0.543,0.164,0.544,0.576,98.8,97.33,81.11,1574,0.521,9,13,13,14,9,15,13,15,22,25,15,1,7,4,26,17,20,27,11,2025-26,6,Regular Season
1610612754,Indiana Pacers,15,2,13,0.133,720.0,112.5,115.2,121.8,125.0,-9.3,-9.8,0.724,2.18,21.6,0.251,0.668,0.463,0.141,0.568,0.599,102.5,100.03,83.36,1499,0.465,19,29,24,29,24,18,30,25,1,7,1,30,26,28,15,7,7,14,23,2025-26,6,Regular Season
1610612746,LA Clippers,18,12,6,0.667,869.0,121.6,121.9,112.0,114.6,9.7,7.3,0.56,2.01,18.0,0.283,0.662,0.481,0.123,0.586,0.624,99.8,98.54,82.12,1786,0.543,1,5,9,7,2,2,14,7,30,13,23,21,27,24,4,2,2,23,7,2025-26,6,Regular Season
1610612747,Los Angeles Lakers,17,15,2,0.882,821.0,119.7,120.9,109.1,111.7,10.6,9.2,0.609,2.02,19.0,0.286,0.692,0.496,0.131,0.585,0.62,100.8,99.13,82.61,1696,0.545,3,1,2,2,4,6,10,5,25,11,13,20,19,16,9,3,3,18,5,2025-26,6,Regular Season
1610612763,Memphis Grizzlies,17,3,14,0.176,816.0,108.6,111.9,120.7,122.9,-12.1,-11.1,0.639,1.71,18.2,0.291,0.603,0.44,0.149,0.531,0.568,103.6,101.15,84.29,1720,0.433,3,25,27,26,6,24,29,26,20,23,20,17,30,30,22,26,25,9,27,2025-26,6,Regular Season
1610612748,Miami Heat,15,8,7,0.533,720.0,117.0,118.3,114.4,117.6,2.6,0.7,0.662,2.43,19.5,0.296,0.705,0.496,0.114,0.541,0.587,105.0,103.03,85.86,1545,0.513,19,16,13,15,24,9,22,17,10,2,11,14,14,18,1,20,13,2,15,2025-26,6,Regular Season
1610612749,Milwaukee Bucks,17,4,13,0.235,816.0,105.4,106.9,120.4,121.7,-14.9,-14.8,0.642,1.48,18.3,0.252,0.693,0.469,0.17,0.551,0.573,99.9,98.71,82.25,1678,0.421,3,24,24,24,6,28,27,30,17,28,19,29,18,26,28,12,23,20,28,2025-26,6,Regular Season
1610612750,Minnesota Timberwolves,15,9,6,0.6,725.0,109.8,111.4,109.0,110.0,0.8,1.4,0.617,1.61,18.0,0.294,0.681,0.496,0.155,0.542,0.579,102.0,100.77,83.97,1521,0.507,19,13,9,13,20,25,8,16,24,26,24,15,22,17,25,19,16,10,17,2025-26,6,Regular Season
1610612740,New Orleans Pelicans,15,6,9,0.4,720.0,113.0,115.4,115.4,117.1,-2.4,-1.7,0.607,1.85,18.0,0.317,0.675,0.497,0.137,0.534,0.575,101.7,99.9,83.25,1497,0.492,19,20,20,20,24,17,19,19,26,18,22,10,23,14,14,25,22,16,19,2025-26,6,Regular Season
1610612752,New York Knicks,16,10,6,0.625,768.0,116.2,118.5,110.0,111.7,6.2,6.8,0.656,1.94,20.0,0.349,0.747,0.548,0.15,0.56,0.592,97.5,95.78,79.82,1535,0.538,9,9,9,10,12,8,9,8,11,14,8,4,4,2,23,9,11,29,8,2025-26,6,Regular Season
1610612760,Oklahoma City Thunder,15,14,1,0.933,725.0,114.3,115.8,103.1,105.9,11.3,9.9,0.581,2.01,17.6,0.266,0.694,0.489,0.12,0.544,0.586,100.7,98.68,82.23,1490,0.564,19,2,1,1,20,13,1,4,28,12,27,26,17,21,2,16,14,21,2,2025-26,6,Regular Season
1610612753,Orlando Magic,17,9,8,0.529,821.0,112.2,115.6,113.8,115.7,-1.6,-0.1,0.646,1.77,18.4,0.303,0.708,0.507,0.146,0.535,0.588,102.6,100.3,83.58,1715,0.497,3,13,16,16,4,14,15,18,15,21,18,12,12,11,19,24,12,13,18,2025-26,6,Regular Season
1610612755,Philadelphia 76ers,16,8,8,0.5,768.0,109.8,112.4,115.1,117.2,-5.3,-4.8,0.585,1.87,17.5,0.298,0.682,0.489,0.13,0.524,0.561,103.3,101.22,84.35,1620,0.479,9,16,16,17,12,21,20,21,27,17,29,13,21,22,7,28,28,7,21,2025-26,6,Regular Season
1610612756,Phoenix Suns,16,8,8,0.5,768.0,115.4,117.7,110.7,112.8,4.7,4.9,0.639,2.06,18.7,0.341,0.704,0.512,0.131,0.548,0.577,100.0,98.06,81.72,1574,0.515,9,16,16,17,12,11,11,11,19,8,16,5,15,10,8,15,19,26,14,2025-26,6,Regular Season
1610612757,Portland Trail Blazers,16,10,6,0.625,768.0,111.4,113.1,105.1,106.5,6.3,6.5,0.65,1.48,18.1,0.353,0.709,0.531,0.176,0.542,0.577,102.9,101.44,84.53,1624,0.535,9,9,9,10,12,19,2,9,13,29,21,3,11,6,29,18,18,6,9,2025-26,6,Regular Season
1610612758,Sacramento Kings,15,5,10,0.333,720.0,111.4,112.1,119.3,121.2,-7.9,-9.1,0.64,2.05,19.5,0.286,0.709,0.497,0.134,0.538,0.568,101.0,99.97,83.31,1499,0.464,19,21,21,21,24,23,25,24,18,9,9,19,10,15,11,22,27,15,24,2025-26,6,Regular Season
1610612759,San Antonio Spurs,16,14,2,0.875,768.0,121.4,122.9,107.1,109.1,14.4,13.8,0.692,2.45,21.4,0.311,0.764,0.548,0.127,0.583,0.614,102.0,100.41,83.67,1606,0.569,9,2,2,3,12,1,3,1,5,1,3,11,1,1,6,4,4,12,1,2025-26,6,Regular Season
1610612761,Toronto Raptors,15,7,8,0.467,720.0,114.7,116.8,112.0,113.5,2.8,3.3,0.696,2.27,21.2,0.288,0.704,0.492,0.135,0.565,0.593,100.9,99.3,82.75,1488,0.52,19,19,16,19,24,12,12,14,3,5,4,18,16,19,13,8,9,17,12,2025-26,6,Regular Season
1610612762,Utah Jazz,16,3,13,0.188,768.0,112.1,112.9,119.6,121.3,-7.5,-8.3,0.674,1.94,19.5,0.293,0.671,0.477,0.143,0.539,0.576,103.5,102.41,85.34,1640,0.463,9,25,24,25,12,20,26,23,7,15,10,16,25,25,16,21,21,4,25,2025-26,6,Regular Season
1610612764,Washington Wizards,16,1,15,0.063,773.0,108.2,109.8,122.5,122.9,-14.3,-13.1,0.572,1.5,17.2,0.261,0.657,0.454,0.155,0.551,0.579,103.9,102.89,85.74,1655,0.41,9,30,30,30,10,27,28,29,29,27,30,28,29,29,24,13,17,3,30,2025-26,6,Regular Season
1610612737,Atlanta Hawks,6,3,3,0.5,288.0,116.5,118.2,109.0,111.1,7.5,7.2,0.614,1.9,18.8,0.33,0.75,0.534,0.142,0.57,0.595,104.7,102.92,85.76,620,0.515,14,13,12,14,15,13,6,9,20,16,16,8,1,5,17,12,13,9,14,2025-26,7,Regular Season
1610612738,Boston Celtics,7,6,1,0.857,336.0,125.2,128.5,110.9,113.7,14.3,14.7,0.609,2.13,20.0,0.339,0.705,0.532,0.136,0.615,0.641,99.4,96.86,80.71,678,0.574,1,1,2,2,2,1,12,1,22,8,10,6,12,7,13,1,1,26,4,2025-26,7,Regular Season
1610612751,Brooklyn Nets,6,2,4,0.333,288.0,104.1,105.0,120.4,122.5,-16.3,-17.5,0.622,1.71,17.5,0.219,0.728,0.452,0.137,0.513,0.555,100.7,99.42,82.85,597,0.403,14,21,20,21,15,30,26,29,18,24,26,30,4,29,14,30,28,17,29,2025-26,7,Regular Season
1610612766,Charlotte Hornets,6,4,2,0.667,288.0,116.7,120.4,112.0,113.6,4.7,6.8,0.624,1.84,18.7,0.365,0.682,0.523,0.148,0.562,0.59,97.6,95.42,79.51,573,0.53,14,9,7,9,15,9,11,10,16,17,17,3,21,10,20,14,16,29,10,2025-26,7,Regular Season
1610612741,Chicago Bulls,7,2,5,0.286,336.0,106.8,108.3,117.4,118.7,-10.7,-10.4,0.623,1.61,18.1,0.295,0.687,0.488,0.156,0.525,0.56,108.0,106.64,88.87,749,0.45,1,21,23,23,2,28,20,26,17,27,21,18,18,20,24,27,27,2,26,2025-26,7,Regular Season
1610612739,Cleveland Cavaliers,6,5,1,0.833,288.0,118.9,119.8,113.6,115.1,5.3,4.8,0.634,1.91,19.5,0.317,0.73,0.535,0.144,0.581,0.615,102.7,101.67,84.72,610,0.543,14,4,2,4,15,11,16,13,14,15,15,13,3,4,18,8,8,11,9,2025-26,7,Regular Season
1610612742,Dallas Mavericks,6,2,4,0.333,288.0,116.8,118.8,119.5,121.8,-2.7,-3.0,0.61,2.39,18.1,0.289,0.694,0.482,0.106,0.528,0.577,105.9,104.0,86.67,623,0.476,14,21,20,21,15,12,25,19,21,5,20,21,15,25,1,26,22,6,18,2025-26,7,Regular Season
1610612743,Denver Nuggets,6,6,0,1.0,298.0,125.5,127.4,115.7,116.1,9.9,11.3,0.644,2.6,20.9,0.332,0.719,0.538,0.117,0.593,0.626,101.6,100.59,83.83,623,0.563,14,1,1,1,14,2,18,5,13,1,8,7,6,2,2,4,3,15,6,2025-26,7,Regular Season
1610612765,Detroit Pistons,6,5,1,0.833,288.0,120.1,122.3,106.8,110.3,13.3,12.0,0.729,2.11,22.2,0.363,0.69,0.537,0.157,0.584,0.618,101.4,98.92,82.43,592,0.581,14,4,2,4,15,7,5,4,3,11,2,5,16,3,26,7,7,21,1,2025-26,7,Regular Season
1610612744,Golden State Warriors,7,1,6,0.143,336.0,113.9,114.9,119.0,121.5,-5.1,-6.6,0.694,1.95,19.9,0.296,0.677,0.484,0.146,0.545,0.59,98.5,97.07,80.89,680,0.475,1,26,28,28,2,18,24,24,6,13,12,17,25,24,19,20,15,25,20,2025-26,7,Regular Season
1610612745,Houston Rockets,7,6,1,0.857,336.0,123.1,126.0,110.8,112.4,12.3,13.6,0.583,2.08,18.7,0.389,0.717,0.554,0.132,0.572,0.606,100.8,98.93,82.44,692,0.569,1,1,2,2,2,4,8,2,25,12,18,1,8,1,8,11,9,20,5,2025-26,7,Regular Season
1610612754,Indiana Pacers,7,2,5,0.286,336.0,110.2,111.1,112.1,114.4,-1.9,-3.3,0.779,2.12,22.1,0.249,0.709,0.484,0.149,0.551,0.583,104.8,103.36,86.13,723,0.507,1,21,23,23,2,26,13,20,1,10,3,28,11,23,21,17,18,8,17,2025-26,7,Regular Season
1610612746,LA Clippers,6,3,3,0.5,288.0,111.3,113.3,113.6,115.0,-2.3,-1.7,0.581,1.8,17.5,0.269,0.683,0.472,0.134,0.538,0.573,100.8,99.25,82.71,596,0.475,14,13,12,14,15,21,15,16,27,18,25,27,20,26,11,21,23,18,19,2025-26,7,Regular Season
1610612747,Los Angeles Lakers,6,3,3,0.5,288.0,111.6,112.0,114.9,115.5,-3.3,-3.5,0.738,1.95,21.7,0.275,0.68,0.49,0.159,0.576,0.603,98.7,98.25,81.88,591,0.511,14,13,12,14,15,25,17,21,2,14,4,25,24,19,27,10,10,22,15,2025-26,7,Regular Season
1610612763,Memphis Grizzlies,7,0,7,0.0,336.0,105.9,107.0,128.3,130.5,-22.4,-23.5,0.619,1.72,17.5,0.235,0.614,0.409,0.138,0.523,0.553,105.1,103.64,86.37,726,0.36,1,29,29,29,2,29,30,30,19,23,27,29,30,30,15,29,29,7,30,2025-26,7,Regular Season
1610612748,Miami Heat,6,3,3,0.5,288.0,123.8,126.9,123.1,125.8,0.7,1.1,0.708,2.51,22.5,0.299,0.682,0.497,0.131,0.614,0.639,103.9,101.5,84.58,609,0.508,14,13,12,14,15,3,28,15,4,3,1,16,21,16,7,2,2,12,16,2025-26,7,Regular Season
1610612749,Milwaukee Bucks,7,2,5,0.286,336.0,112.1,115.6,122.8,123.0,-10.7,-7.4,0.667,1.57,19.5,0.308,0.689,0.495,0.179,0.579,0.599,98.0,96.43,80.36,672,0.444,1,21,23,23,2,17,27,25,8,28,14,14,17,17,30,9,12,28,27,2025-26,7,Regular Season
1610612750,Minnesota Timberwolves,7,3,4,0.429,336.0,113.8,116.1,116.3,118.2,-2.5,-2.1,0.581,1.77,17.7,0.292,0.653,0.466,0.138,0.561,0.594,104.0,102.14,85.12,716,0.473,1,13,20,20,2,15,19,18,26,21,23,20,28,27,16,15,14,10,22,2025-26,7,Regular Season
1610612740,New Orleans Pelicans,6,1,5,0.167,288.0,111.6,114.3,117.9,118.9,-6.3,-4.6,0.536,1.64,16.3,0.293,0.683,0.486,0.135,0.523,0.57,108.0,106.25,88.54,636,0.464,14,26,23,26,15,20,21,23,29,25,29,19,19,21,12,28,25,3,24,2025-26,7,Regular Season
1610612752,New York Knicks,6,5,1,0.833,288.0,122.3,122.8,109.7,111.7,12.7,11.2,0.663,2.31,21.1,0.319,0.68,0.512,0.133,0.589,0.62,95.2,94.17,78.47,565,0.58,14,4,2,4,15,6,7,6,9,7,7,12,23,12,9,5,5,30,2,2025-26,7,Regular Season
1610612760,Oklahoma City Thunder,6,4,2,0.667,288.0,122.0,123.1,108.5,109.5,13.5,13.6,0.66,2.54,21.6,0.27,0.716,0.5,0.122,0.606,0.623,102.1,101.17,84.31,606,0.554,14,9,7,9,15,5,2,3,11,2,6,26,9,14,3,3,4,13,7,2025-26,7,Regular Season
1610612753,Orlando Magic,7,5,2,0.714,336.0,111.2,114.4,107.7,109.3,3.5,5.1,0.692,1.8,19.6,0.32,0.736,0.527,0.156,0.538,0.581,107.6,105.29,87.74,735,0.527,1,4,7,7,2,19,1,11,7,18,13,11,2,8,25,22,19,4,11,2025-26,7,Regular Season
1610612755,Philadelphia 76ers,7,4,3,0.571,336.0,113.0,112.4,106.9,109.9,6.1,2.5,0.55,1.78,16.9,0.286,0.7,0.5,0.13,0.535,0.572,102.3,101.14,84.29,708,0.515,1,9,12,12,2,24,3,14,28,20,28,22,13,14,6,24,24,14,13,2025-26,7,Regular Season
1610612756,Phoenix Suns,6,3,3,0.5,288.0,109.7,113.0,111.2,114.8,-1.6,-1.8,0.51,1.33,15.6,0.324,0.64,0.484,0.161,0.537,0.567,99.5,96.5,80.42,577,0.47,14,13,12,14,15,22,14,17,30,30,30,9,29,22,28,23,26,27,23,2025-26,7,Regular Season
1610612757,Portland Trail Blazers,5,3,2,0.6,245.0,114.7,117.6,111.2,112.6,3.4,4.9,0.633,1.73,18.3,0.368,0.674,0.515,0.154,0.551,0.584,99.8,97.96,81.63,501,0.516,30,13,7,11,30,14,9,12,15,22,19,2,26,11,23,16,17,24,12,2025-26,7,Regular Season
1610612758,Sacramento Kings,6,3,3,0.5,288.0,114.2,116.0,118.5,120.3,-4.3,-4.3,0.584,1.54,17.6,0.364,0.71,0.533,0.164,0.548,0.581,100.5,99.0,82.5,593,0.475,14,13,12,14,15,16,22,22,24,29,24,4,10,6,29,19,20,19,21,2025-26,7,Regular Season
1610612759,San Antonio Spurs,7,5,2,0.714,341.0,118.7,121.9,112.3,113.3,6.4,8.6,0.653,2.32,20.4,0.322,0.718,0.526,0.127,0.563,0.6,101.3,99.45,82.87,708,0.547,1,4,7,7,1,8,10,8,12,6,9,10,7,9,4,13,11,16,8,2025-26,7,Regular Season
1610612761,Toronto Raptors,7,4,3,0.571,336.0,119.1,119.9,107.8,110.2,11.4,9.7,0.696,2.42,21.7,0.284,0.699,0.501,0.128,0.587,0.618,99.5,98.07,81.73,687,0.574,1,9,12,12,2,10,4,7,5,4,5,24,14,13,5,6,6,23,3,2025-26,7,Regular Season
1610612762,Utah Jazz,6,1,5,0.167,288.0,109.3,108.7,119.7,121.1,-10.4,-12.4,0.661,2.12,19.9,0.285,0.726,0.491,0.133,0.53,0.552,111.2,110.92,92.43,667,0.452,14,26,23,26,15,27,23,27,10,9,11,23,5,18,10,25,30,1,25,2025-26,7,Regular Season
1610612764,Washington Wizards,7,0,7,0.0,336.0,110.0,112.4,127.5,129.5,-17.4,-17.0,0.59,1.62,17.8,0.299,0.661,0.466,0.153,0.55,0.578,106.3,104.29,86.9,731,0.414,1,29,29,29,2,23,29,28,23,26,22,15,27,28,22,18,21,5,28,2025-26,7,Regular Season
1610612766,Charlotte Hornets,2,1,1,0.5,101.0,100.9,108.5,119.1,124.7,-18.1,-16.2,0.551,1.54,15.1,0.369,0.686,0.513,0.14,0.474,0.514,100.4,94.57,78.81,200,0.381,1,1,3,3,1,8,6,8,6,5,7,2,6,4,3,8,8,6,8,2025-26,7,PlayIn
1610612744,Golden State Warriors,2,1,1,0.5,96.0,113.6,113.8,118.3,119.6,-4.7,-5.7,0.638,1.24,18.6,0.337,0.706,0.524,0.21,0.605,0.629,97.9,97.25,81.04,195,0.462,1,1,3,3,2,5,5,7,4,8,4,3,4,2,8,1,2,4,7,2025-26,7,PlayIn
1610612746,LA Clippers,1,0,1,0.0,48.0,118.1,119.8,123.2,124.8,-5.2,-5.0,0.667,1.67,20.7,0.326,0.692,0.5,0.178,0.605,0.647,102.4,101.0,84.17,101,0.501,5,7,3,7,6,3,7,6,2,3,2,4,5,5,7,2,1,1,6,2025-26,7,PlayIn
1610612748,Miami Heat,1,0,1,0.0,53.0,121.0,126.0,117.6,125.7,3.3,0.3,0.653,4.57,21.8,0.291,0.594,0.454,0.07,0.553,0.577,96.1,91.02,75.85,100,0.544,5,7,3,7,5,1,8,5,3,1,1,6,8,7,1,4,5,8,3,2025-26,7,PlayIn
1610612753,Orlando Magic,2,1,1,0.5,96.0,106.9,111.2,95.7,101.5,11.2,9.7,0.613,1.59,16.9,0.306,0.713,0.519,0.148,0.5,0.559,103.0,98.0,81.67,196,0.592,1,1,3,3,2,7,2,2,5,4,5,5,2,3,4,7,7,2,1,2025-26,7,PlayIn
1610612755,Philadelphia 76ers,1,1,0,1.0,48.0,107.9,112.4,96.4,99.0,11.5,13.4,0.447,1.42,13.5,0.24,0.725,0.485,0.124,0.518,0.568,100.8,97.5,81.25,97,0.554,5,1,1,1,6,6,1,1,8,7,8,8,1,6,2,6,6,3,2,2025-26,7,PlayIn
1610612756,Phoenix Suns,2,1,1,0.5,96.0,115.3,117.6,108.7,111.1,6.6,6.4,0.551,1.48,16.9,0.276,0.615,0.454,0.154,0.572,0.612,96.2,94.25,78.54,188,0.538,1,1,3,3,2,4,3,3,6,6,6,7,7,8,5,3,3,7,4,2025-26,7,PlayIn
1610612757,Portland Trail Blazers,1,1,0,1.0,48.0,113.9,120.0,112.2,115.8,1.7,4.2,0.675,1.8,18.9,0.404,0.711,0.546,0.158,0.551,0.581,99.1,95.0,79.17,95,0.508,5,1,1,1,6,2,4,4,1,2,3,1,3,1,6,5,4,5,5,2025-26,7,PlayIn
1610612737,Atlanta Hawks,6,2,4,0.333,288.0,101.4,103.8,118.4,121.9,-17.0,-18.1,0.607,1.51,16.7,0.269,0.668,0.458,0.152,0.504,0.537,99.2,96.67,80.56,580,0.403,1,10,13,13,1,15,15,16,7,11,9,14,12,16,10,11,12,9,15,2025-26,7,Playoffs
1610612738,Boston Celtics,6,3,3,0.5,288.0,111.5,114.9,107.1,110.0,4.4,5.0,0.639,1.88,18.1,0.333,0.739,0.532,0.139,0.533,0.56,96.3,93.58,77.99,562,0.523,1,5,8,8,1,4,9,4,4,5,6,4,2,3,7,6,8,13,4,2025-26,7,Playoffs
1610612739,Cleveland Cavaliers,5,3,2,0.6,240.0,111.2,113.4,109.7,113.7,1.6,-0.3,0.523,1.21,15.6,0.312,0.643,0.482,0.174,0.568,0.598,101.1,98.3,81.92,493,0.491,7,5,3,5,9,6,12,10,16,15,14,11,15,13,14,2,3,3,9,2025-26,7,Playoffs
1610612743,Denver Nuggets,6,2,4,0.333,288.0,105.8,108.2,110.9,112.8,-5.1,-4.5,0.674,2.04,18.1,0.234,0.685,0.463,0.121,0.496,0.556,101.3,99.33,82.78,596,0.483,1,10,13,13,1,11,10,12,1,2,6,16,7,15,3,12,9,1,11,2025-26,7,Playoffs
1610612765,Detroit Pistons,5,2,3,0.4,240.0,100.9,104.3,100.8,104.1,0.1,0.2,0.582,1.14,15.4,0.321,0.67,0.505,0.185,0.485,0.535,101.1,97.8,81.5,487,0.521,7,10,8,10,9,13,3,8,11,16,15,8,11,8,15,13,13,5,5,2025-26,7,Playoffs
1610612745,Houston Rockets,5,2,3,0.4,245.0,105.7,109.4,106.7,107.6,-1.0,1.8,0.612,1.62,16.5,0.365,0.69,0.505,0.147,0.483,0.524,94.3,92.38,76.98,470,0.483,7,10,8,10,7,9,5,6,6,9,11,1,5,7,8,14,14,15,10,2025-26,7,Playoffs
1610612747,Los Angeles Lakers,5,3,2,0.6,245.0,106.7,107.6,105.7,109.4,1.0,-1.8,0.667,1.26,18.3,0.31,0.635,0.495,0.201,0.554,0.597,94.3,92.38,76.98,473,0.517,7,5,3,5,7,12,8,11,2,14,4,12,16,10,16,5,4,15,7,2025-26,7,Playoffs
1610612750,Minnesota Timberwolves,6,4,2,0.667,288.0,110.9,112.8,105.8,108.2,5.1,4.5,0.624,1.93,18.4,0.315,0.766,0.537,0.136,0.526,0.563,101.3,99.33,82.78,596,0.517,1,1,3,3,1,7,6,5,5,3,3,10,1,2,5,8,7,1,6,2025-26,7,Playoffs
1610612752,New York Knicks,6,4,2,0.667,288.0,118.4,121.9,101.4,103.8,17.0,18.1,0.573,1.84,17.7,0.332,0.731,0.542,0.136,0.569,0.609,99.2,96.67,80.56,580,0.597,1,1,3,3,1,2,2,1,13,6,8,5,3,1,6,1,2,9,2,2025-26,7,Playoffs
1610612760,Oklahoma City Thunder,4,4,0,1.0,192.0,125.4,127.2,106.6,109.3,18.8,17.9,0.592,2.4,18.5,0.349,0.677,0.514,0.111,0.567,0.613,98.4,96.5,80.42,386,0.602,15,1,1,1,15,1,7,2,10,1,2,3,10,6,1,3,1,11,1,2025-26,7,Playoffs
1610612753,Orlando Magic,5,3,2,0.6,240.0,100.8,104.1,100.9,104.3,-0.1,-0.2,0.58,1.38,14.8,0.33,0.679,0.495,0.149,0.472,0.515,101.1,97.8,81.5,491,0.479,7,5,3,5,9,14,4,9,12,12,16,6,9,9,9,15,15,5,12,2025-26,7,Playoffs
1610612755,Philadelphia 76ers,6,3,3,0.5,288.0,107.1,110.0,111.5,114.9,-4.4,-5.0,0.559,1.92,16.6,0.261,0.667,0.468,0.118,0.51,0.546,96.3,93.58,77.99,561,0.477,1,5,8,8,1,8,13,13,15,4,10,15,13,14,2,10,11,13,13,2025-26,7,Playoffs
1610612756,Phoenix Suns,4,0,4,0.0,192.0,106.6,109.3,125.4,127.2,-18.8,-17.9,0.571,1.38,16.4,0.323,0.651,0.486,0.166,0.52,0.556,98.4,96.5,80.42,386,0.398,15,16,13,16,15,10,16,15,14,13,12,7,14,11,13,9,10,11,16,2025-26,7,Playoffs
1610612757,Portland Trail Blazers,5,1,4,0.2,240.0,100.7,102.2,113.5,116.6,-12.8,-14.3,0.598,1.67,15.7,0.317,0.69,0.485,0.131,0.468,0.508,99.2,97.1,80.92,489,0.416,7,15,13,15,9,16,14,14,9,7,13,9,4,12,4,16,16,7,14,2025-26,7,Playoffs
1610612759,San Antonio Spurs,5,4,1,0.8,240.0,113.5,116.6,100.7,102.2,12.8,14.3,0.606,1.62,18.2,0.31,0.683,0.515,0.158,0.561,0.595,99.2,97.1,80.92,482,0.584,7,1,2,2,9,3,1,3,8,10,5,13,8,5,11,4,5,7,3,2025-26,7,Playoffs
1610612761,Toronto Raptors,5,2,3,0.4,240.0,109.7,113.7,111.2,113.4,-1.6,0.3,0.647,1.67,18.6,0.357,0.688,0.518,0.161,0.532,0.566,101.1,98.3,81.92,490,0.509,7,10,8,10,9,5,11,7,3,8,1,2,6,4,12,7,6,3,8,2025-26,7,Playoffs
1610612738,Boston Celtics,1,0,1,0.0,48.0,105.2,105.3,111.1,116.0,-5.9,-10.7,0.514,3.8,15.2,0.193,0.8,0.461,0.053,0.468,0.5,96.6,94.5,78.75,95,0.433,11,10,2,10,11,9,8,8,11,1,10,12,1,10,1,9,10,9,8,2025-26,8,Playoffs
1610612739,Cleveland Cavaliers,13,5,8,0.385,639.0,107.5,109.4,111.1,114.4,-3.6,-5.0,0.602,1.33,16.2,0.343,0.656,0.498,0.17,0.519,0.563,97.0,94.84,79.03,1265,0.472,1,4,12,6,1,5,7,6,8,11,8,3,11,5,11,7,6,6,6,2025-26,8,Playoffs
1610612765,Detroit Pistons,9,5,4,0.556,437.0,111.1,113.9,107.9,110.3,3.2,3.6,0.605,1.57,17.4,0.359,0.666,0.512,0.159,0.527,0.565,95.1,92.92,77.44,844,0.511,4,4,6,4,4,4,4,3,7,7,6,1,8,2,10,4,5,10,4,2025-26,8,Playoffs
1610612745,Houston Rockets,1,0,1,0.0,48.0,80.8,83.9,102.6,106.5,-21.8,-22.7,0.464,0.93,10.8,0.246,0.661,0.457,0.151,0.381,0.431,96.1,92.5,77.08,93,0.371,11,10,2,10,11,12,3,12,12,12,12,11,10,11,8,12,12,11,12,2025-26,8,Playoffs
1610612747,Los Angeles Lakers,5,1,4,0.2,240.0,105.9,108.7,114.8,117.3,-8.9,-8.6,0.634,1.37,17.7,0.318,0.703,0.503,0.182,0.526,0.562,97.0,94.7,78.92,472,0.442,7,7,6,8,7,6,10,7,5,10,5,4,4,4,12,5,7,8,7,2025-26,8,Playoffs
1610612750,Minnesota Timberwolves,6,2,4,0.333,288.0,98.5,102.1,118.2,117.9,-19.6,-15.8,0.539,1.45,14.6,0.3,0.723,0.488,0.138,0.464,0.502,104.1,102.33,85.28,614,0.38,6,6,6,7,6,10,11,9,10,8,11,7,3,7,2,10,9,1,10,2025-26,8,Playoffs
1610612752,New York Knicks,8,8,0,1.0,389.0,123.3,124.3,101.9,103.2,21.4,21.1,0.641,2.06,20.3,0.346,0.739,0.553,0.142,0.61,0.636,97.4,96.43,80.36,782,0.631,5,1,1,1,5,1,1,1,3,2,1,2,2,1,5,1,1,4,1,2025-26,8,Playoffs
1610612760,Oklahoma City Thunder,11,7,4,0.636,538.0,112.0,114.0,108.8,111.3,3.2,2.8,0.635,1.88,18.5,0.317,0.675,0.497,0.14,0.538,0.579,98.8,96.85,80.71,1089,0.523,3,3,6,2,3,3,5,4,4,3,3,5,7,6,3,2,3,3,3,2025-26,8,Playoffs
1610612753,Orlando Magic,2,0,2,0.0,96.0,93.3,96.1,115.4,116.1,-22.1,-20.0,0.655,1.41,15.4,0.275,0.663,0.462,0.15,0.441,0.493,91.6,90.0,75.0,180,0.38,9,10,5,10,10,11,9,11,2,9,9,8,9,9,7,11,11,12,11,2025-26,8,Playoffs
1610612755,Philadelphia 76ers,5,1,4,0.2,240.0,106.4,108.2,124.5,124.4,-18.1,-16.2,0.588,1.6,16.7,0.246,0.695,0.465,0.14,0.52,0.566,96.5,95.8,79.83,478,0.406,7,7,6,8,7,7,12,10,9,6,7,10,5,8,4,6,4,5,9,2025-26,8,Playoffs
1610612759,San Antonio Spurs,13,8,5,0.615,634.0,113.8,115.0,102.5,105.2,11.3,9.7,0.622,1.67,17.9,0.308,0.691,0.511,0.15,0.536,0.583,101.7,99.82,83.19,1316,0.563,1,1,11,3,2,2,2,2,6,5,4,6,6,3,6,3,2,2,2,2025-26,8,Playoffs
1610612761,Toronto Raptors,2,1,1,0.5,101.0,102.6,107.5,110.8,112.0,-8.2,-4.5,0.667,1.73,18.8,0.267,0.541,0.41,0.151,0.509,0.547,97.6,94.81,79.01,199,0.473,9,7,2,5,9,8,6,5,1,4,2,9,12,12,9,8,8,7,5,2025-26,8,Playoffs
1610612752,New York Knicks,5,4,1,0.8,240.0,104.3,110.1,104.5,107.4,-0.2,2.8,0.568,1.58,15.6,0.332,0.714,0.521,0.139,0.495,0.535,98.9,94.9,79.08,474,0.5,1,1,1,1,1,1,1,1,2,2,2,1,1,1,2,1,1,1,2,2025-26,9,Playoffs
1610612759,San Antonio Spurs,5,1,4,0.2,240.0,104.5,107.4,104.3,110.1,0.2,-2.8,0.61,1.74,16.4,0.286,0.668,0.479,0.131,0.493,0.534,98.9,94.9,79.08,475,0.5,1,2,2,2,1,2,2,2,1,1,1,2,2,2,1,2,2,1,1,2025-26,9,Playoffs
