TEAM_ID,TEAM_NAME,GP,W,L,W_PCT,MIN,FGM,FGA,FG_PCT,FG3M,FG3A,FG3_PCT,FTM,FTA,FT_PCT,OREB,DREB,REB,AST,TOV,STL,BLK,BLKA,PF,PFD,PTS,PLUS_MINUS,GP_RANK,W_RANK,L_RANK,W_PCT_RANK,MIN_RANK,FGM_RANK,FGA_RANK,FG_PCT_RANK,FG3M_RANK,FG3A_RANK,FG3_PCT_RANK,FTM_RANK,FTA_RANK,FT_PCT_RANK,OREB_RANK,DREB_RANK,REB_RANK,AST_RANK,TOV_RANK,STL_RANK,BLK_RANK,BLKA_RANK,PF_RANK,PFD_RANK,PTS_RANK,PLUS_MINUS_RANK,SEASON,MONTH
1610612737,Atlanta Hawks,5,2,3,0.4,240.0,194,425,0.456,47,161,0.292,82,118,0.695,50,172,222,120,88.0,45,26,38,110,104,517,-5.0,2,15,18,18,7,9,12,13,21,12,28,19,14,27,7,9,9,7,21,6,6,30,19,19,11,19,2019-20,1
1610612738,Boston Celtics,4,3,1,0.75,192.0,158,384,0.411,52,146,0.356,71,100,0.71,49,139,188,88,44.0,32,23,21,95,109,439,26.0,16,6,2,5,20,26,16,27,17,18,13,24,22,26,12,25,23,27,1,21,14,12,8,11,25,8,2019-20,1
1610612751,Brooklyn Nets,4,1,3,0.25,202.0,170,373,0.456,56,147,0.381,84,123,0.683,50,151,201,89,79.0,31,21,20,97,106,480,-8.0,16,21,18,21,16,18,21,14,11,17,5,17,9,28,7,18,18,25,16,22,19,10,12,16,17,20,2019-20,1
1610612766,Charlotte Hornets,5,2,3,0.4,240.0,199,430,0.463,75,179,0.419,67,93,0.72,50,162,212,127,98.0,29,19,31,107,106,540,-48.0,2,15,18,18,7,7,9,10,2,6,1,25,26,25,7,14,12,4,28,23,25,27,15,16,7,28,2019-20,1
1610612741,Chicago Bulls,5,1,4,0.2,240.0,193,470,0.411,53,181,0.293,89,115,0.774,58,151,209,105,58.0,46,23,35,109,104,528,-30.0,2,21,26,26,7,10,3,28,14,5,27,13,15,14,2,18,13,12,6,1,14,29,17,19,10,25,2019-20,1
1610612739,Cleveland Cavaliers,4,2,2,0.5,192.0,159,346,0.46,42,128,0.328,64,87,0.736,42,151,193,87,66.0,22,19,19,78,84,424,-9.0,16,15,11,15,20,24,30,11,23,26,20,27,27,22,23,18,20,28,11,30,25,7,3,27,28,21,2019-20,1
1610612742,Dallas Mavericks,4,3,1,0.75,192.0,158,347,0.455,51,163,0.313,92,124,0.742,39,144,183,96,52.0,27,20,11,77,108,459,16.0,16,6,2,5,20,26,29,15,18,11,23,11,7,20,27,23,28,20,4,26,22,1,2,15,20,9,2019-20,1
1610612743,Denver Nuggets,5,3,2,0.6,245.0,192,451,0.426,53,153,0.346,93,113,0.823,57,172,229,112,72.0,37,25,22,115,116,530,-2.0,2,6,11,12,2,11,4,23,14,14,16,9,17,6,3,9,8,9,14,12,9,15,20,5,9,18,2019-20,1
1610612765,Detroit Pistons,5,2,3,0.4,240.0,195,408,0.478,56,134,0.418,93,124,0.75,44,165,209,117,95.0,29,22,17,102,109,539,-24.0,2,15,18,18,7,8,14,3,11,23,2,9,7,17,20,13,13,8,26,23,18,4,14,11,8,24,2019-20,1
1610612744,Golden State Warriors,4,1,3,0.25,192.0,156,377,0.414,42,138,0.304,104,121,0.86,53,132,185,105,64.0,36,10,21,80,92,458,-47.0,16,21,18,21,20,29,18,26,23,22,25,5,11,2,5,29,25,12,9,14,30,12,4,26,22,27,2019-20,1
1610612745,Houston Rockets,4,3,1,0.75,192.0,170,377,0.451,62,191,0.325,110,135,0.815,47,139,186,107,60.0,29,21,19,95,111,512,2.0,16,6,2,5,20,18,18,18,8,2,22,3,4,7,14,25,24,11,7,23,19,7,8,7,12,16,2019-20,1
1610612754,Indiana Pacers,4,1,3,0.25,192.0,164,366,0.448,35,96,0.365,58,70,0.829,40,118,158,98,49.0,35,15,21,97,78,421,-12.0,16,21,18,21,20,21,24,20,29,29,12,30,30,4,24,30,30,19,3,17,29,12,12,29,29,22,2019-20,1
1610612746,LA Clippers,6,4,2,0.667,288.0,250,504,0.496,65,177,0.367,120,153,0.784,50,202,252,135,100.0,46,27,23,150,148,685,28.0,1,1,11,11,1,1,1,1,4,7,10,1,2,11,7,3,2,3,29,1,4,16,30,1,1,7,2019-20,1
1610612747,Los Angeles Lakers,4,3,1,0.75,192.0,160,350,0.457,39,116,0.336,78,98,0.796,40,144,184,94,61.0,34,32,14,86,97,437,47.0,16,6,2,5,20,22,28,12,26,28,18,20,23,9,24,23,26,21,8,19,2,2,7,22,26,1,2019-20,1
1610612763,Memphis Grizzlies,4,1,3,0.25,197.0,158,381,0.415,36,128,0.281,76,98,0.776,45,146,191,99,75.0,36,26,28,108,95,428,-55.0,16,21,18,21,17,26,17,25,28,26,30,22,23,13,18,21,21,18,15,14,6,25,16,25,27,29,2019-20,1
1610612748,Miami Heat,5,4,1,0.8,245.0,201,428,0.47,65,166,0.392,111,154,0.721,48,188,236,124,104.0,46,35,24,126,124,578,41.0,2,1,2,2,2,4,11,7,4,10,3,2,1,23,13,6,5,5,30,1,1,21,26,3,3,6,2019-20,1
1610612749,Milwaukee Bucks,4,2,2,0.5,197.0,173,367,0.471,64,183,0.35,67,101,0.663,24,171,195,103,56.0,27,25,16,95,97,477,7.0,16,15,11,15,17,17,23,6,6,4,15,25,21,30,30,11,19,15,5,26,9,3,8,22,18,13,2019-20,1
1610612750,Minnesota Timberwolves,4,3,1,0.75,197.0,160,371,0.431,48,161,0.298,91,120,0.758,45,139,184,89,68.0,45,17,29,81,109,459,8.0,16,6,2,5,17,22,22,22,20,12,26,12,12,16,18,25,26,25,13,6,28,26,5,11,20,10,2019-20,1
1610612740,New Orleans Pelicans,5,1,4,0.2,245.0,223,480,0.465,82,216,0.38,78,105,0.743,50,171,221,153,81.0,39,25,19,127,111,606,-14.0,2,21,26,26,2,2,2,8,1,1,7,20,20,19,7,11,10,1,17,9,9,7,27,7,2,23,2019-20,1
1610612752,New York Knicks,5,1,4,0.2,240.0,182,430,0.423,50,142,0.352,89,132,0.674,65,175,240,94,92.0,41,25,27,123,109,503,-41.0,2,21,26,26,7,14,9,24,19,20,14,13,5,29,1,8,4,21,23,8,9,23,25,11,15,26,2019-20,1
1610612760,Oklahoma City Thunder,5,1,4,0.2,240.0,183,422,0.434,47,144,0.326,98,136,0.721,51,203,254,90,93.0,35,20,27,115,121,511,4.0,2,21,26,26,7,13,13,21,21,19,21,8,3,24,6,2,1,24,24,17,22,23,20,4,13,14,2019-20,1
1610612753,Orlando Magic,4,2,2,0.5,192.0,143,362,0.395,38,132,0.288,59,75,0.787,46,145,191,85,48.0,34,23,23,70,76,383,8.0,16,15,11,15,20,30,25,30,27,24,29,28,28,10,16,22,21,30,2,19,14,16,1,30,30,10,2019-20,1
1610612755,Philadelphia 76ers,4,4,0,1.0,192.0,159,352,0.452,40,129,0.31,88,119,0.739,46,159,205,100,83.0,46,27,18,116,103,446,44.0,16,1,1,1,20,24,27,17,25,25,24,15,13,21,16,15,16,17,20,1,4,5,22,21,24,4,2019-20,1
1610612756,Phoenix Suns,5,3,2,0.6,245.0,203,446,0.455,64,174,0.368,107,128,0.836,44,188,232,144,81.0,46,20,32,147,130,577,46.0,2,6,11,12,2,3,5,16,6,9,9,4,6,3,20,6,7,2,17,1,22,28,29,2,4,3,2019-20,1
1610612757,Portland Trail Blazers,5,3,2,0.6,240.0,200,445,0.449,54,148,0.365,101,122,0.828,43,191,234,87,81.0,36,29,20,135,111,555,4.0,2,6,11,12,7,6,6,19,13,16,11,6,10,5,22,5,6,28,17,14,3,10,28,7,6,14,2019-20,1
1610612758,Sacramento Kings,5,0,5,0.0,240.0,181,442,0.41,58,175,0.331,73,98,0.745,56,152,208,101,90.0,37,23,23,109,105,493,-85.0,2,30,30,30,7,15,7,29,9,8,19,23,23,18,4,17,15,16,22,12,14,16,17,18,16,30,2019-20,1
1610612759,San Antonio Spurs,4,3,1,0.75,192.0,169,356,0.475,31,92,0.337,85,112,0.759,47,156,203,91,67.0,23,26,18,84,97,454,8.0,16,6,2,5,20,20,26,4,30,30,17,16,18,15,14,16,17,23,12,29,6,5,6,22,23,10,2019-20,1
1610612761,Toronto Raptors,5,4,1,0.8,245.0,201,434,0.463,70,184,0.38,101,115,0.878,40,208,248,121,96.0,39,25,26,119,111,573,47.0,2,1,2,2,2,4,8,9,3,3,6,6,15,1,24,1,3,6,27,9,9,22,23,7,5,1,2019-20,1
1610612762,Utah Jazz,5,4,1,0.8,240.0,184,389,0.473,53,141,0.376,84,108,0.778,25,192,217,104,93.0,38,18,23,122,116,505,43.0,2,1,2,2,7,12,15,5,14,21,8,17,19,12,29,4,11,14,24,11,27,16,24,5,14,5,2019-20,1
1610612764,Washington Wizards,4,1,3,0.25,192.0,180,376,0.479,58,152,0.382,59,74,0.797,38,137,175,108,64.0,24,21,23,95,83,477,1.0,16,21,18,21,20,16,20,2,9,15,4,28,29,8,28,28,29,10,9,28,19,16,8,28,18,17,2019-20,1
1610612737,Atlanta Hawks,15,2,13,0.133,730.0,601,1346,0.447,157,492,0.319,279,366,0.762,153,470,623,347,270.0,127,69,114,360,332,1638,-222.0,6,30,29,30,6,10,8,21,24,10,29,6,5,18,12,21,21,14,30,5,15,29,30,2,12,30,2019-20,2
1610612738,Boston Celtics,14,10,4,0.714,677.0,563,1250,0.45,161,473,0.34,265,318,0.833,146,507,653,337,193.0,131,79,87,283,290,1552,84.0,14,4,5,6,15,20,19,18,21,13,25,10,17,1,20,15,15,17,7,3,11,25,11,19,18,9,2019-20,2
1610612751,Brooklyn Nets,15,9,6,0.6,720.0,601,1342,0.448,194,570,0.34,262,347,0.755,148,539,687,363,229.0,103,78,74,326,312,1658,-18.0,6,10,12,13,10,10,10,20,6,3,26,11,11,19,18,7,8,10,21,17,12,18,24,11,11,16,2019-20,2
1610612766,Charlotte Hornets,16,6,10,0.375,773.0,614,1392,0.441,195,564,0.346,252,344,0.733,167,488,655,373,230.0,113,65,58,298,329,1675,-132.0,1,16,21,19,1,8,5,24,5,4,22,17,12,25,4,18,14,8,24,13,19,7,17,5,8,28,2019-20,2
1610612741,Chicago Bulls,15,5,10,0.333,720.0,575,1345,0.428,188,525,0.358,255,348,0.733,163,510,673,355,248.0,149,55,104,351,318,1593,-55.0,6,18,21,22,10,16,9,30,8,9,17,15,9,24,6,14,11,11,28,1,26,28,29,9,14,22,2019-20,2
1610612739,Cleveland Cavaliers,15,3,12,0.2,720.0,564,1310,0.431,167,480,0.348,270,341,0.792,152,494,646,304,222.0,119,38,115,268,321,1565,-131.0,6,27,27,28,10,19,13,28,16,11,21,9,14,9,13,16,16,27,16,10,30,30,5,7,17,27,2019-20,2
1610612742,Dallas Mavericks,14,9,5,0.643,677.0,590,1268,0.465,209,556,0.376,276,351,0.786,154,519,673,345,185.0,90,62,57,282,312,1665,122.0,14,10,9,10,15,13,17,10,3,5,7,7,8,11,10,11,11,15,5,27,23,5,10,11,9,3,2019-20,2
1610612743,Denver Nuggets,12,10,2,0.833,586.0,497,1091,0.456,124,349,0.355,166,239,0.695,136,445,581,328,168.0,98,61,57,238,244,1284,86.0,30,4,3,3,30,30,29,15,30,30,19,30,30,29,22,26,25,21,1,23,24,5,1,29,30,8,2019-20,2
1610612765,Detroit Pistons,14,4,10,0.286,672.0,542,1175,0.461,175,461,0.38,233,313,0.744,135,459,594,352,223.0,96,78,71,280,283,1492,-20.0,14,24,21,24,18,21,24,12,11,17,4,21,21,22,23,22,23,12,18,26,12,17,9,22,22,17,2019-20,2
1610612744,Golden State Warriors,16,3,13,0.188,773.0,615,1408,0.437,152,452,0.336,306,368,0.832,147,536,683,386,221.0,121,80,93,308,320,1688,-135.0,1,27,29,29,1,7,3,26,25,20,27,2,3,2,19,9,10,5,15,8,10,27,19,8,7,29,2019-20,2
1610612745,Houston Rockets,15,10,5,0.667,720.0,603,1335,0.452,236,678,0.348,331,431,0.768,161,552,713,304,231.0,132,68,63,328,329,1773,108.0,6,4,9,9,10,9,11,17,1,1,20,1,1,17,9,3,5,27,25,2,16,10,25,5,3,4,2019-20,2
1610612754,Indiana Pacers,15,11,4,0.733,730.0,649,1357,0.478,144,398,0.362,220,271,0.812,151,547,698,373,222.0,99,87,67,301,288,1662,107.0,6,3,5,5,6,5,7,4,28,29,16,25,26,5,14,5,7,8,16,21,7,14,18,20,10,5,2019-20,2
1610612746,LA Clippers,14,10,4,0.714,677.0,570,1295,0.44,163,476,0.342,286,365,0.784,186,540,726,334,229.0,106,86,77,323,330,1589,97.0,14,4,5,6,15,18,15,25,19,12,24,4,6,13,1,6,2,19,21,16,8,19,23,3,15,7,2019-20,2
1610612747,Los Angeles Lakers,15,14,1,0.933,725.0,654,1334,0.49,169,458,0.369,230,316,0.728,149,519,668,412,226.0,127,110,51,297,298,1707,130.0,6,2,1,2,8,3,12,1,14,18,11,22,19,27,16,11,13,2,20,5,1,2,15,17,6,2,2019-20,2
1610612763,Memphis Grizzlies,14,4,10,0.286,672.0,593,1264,0.469,158,421,0.375,189,251,0.753,141,490,631,383,225.0,99,70,85,288,251,1533,-101.0,14,24,21,24,18,12,18,8,23,24,8,29,27,21,21,17,19,6,19,21,14,23,13,28,20,25,2019-20,2
1610612748,Miami Heat,13,9,4,0.692,624.0,511,1047,0.488,162,411,0.394,245,315,0.778,108,453,561,335,236.0,121,51,41,269,293,1429,75.0,24,10,5,8,26,28,30,2,20,27,2,20,20,14,29,24,26,18,26,8,27,1,6,18,26,10,2019-20,2
1610612749,Milwaukee Bucks,16,15,1,0.938,768.0,705,1463,0.482,216,626,0.345,302,416,0.726,178,654,832,405,240.0,123,100,64,312,359,1928,209.0,1,1,1,1,4,1,1,3,2,2,23,3,2,28,2,1,1,3,27,7,3,12,20,1,1,1,2019-20,2
1610612750,Minnesota Timberwolves,14,7,7,0.5,682.0,575,1298,0.443,183,551,0.332,261,352,0.741,154,531,685,339,215.0,107,102,69,314,305,1594,-14.0,14,15,15,15,14,16,14,23,10,6,28,12,7,23,10,10,9,16,14,15,2,16,22,15,13,14,2019-20,2
1610612740,New Orleans Pelicans,14,5,9,0.357,672.0,576,1280,0.45,201,529,0.38,227,311,0.73,163,472,635,326,229.0,116,67,67,312,283,1580,-70.0,14,18,19,20,18,15,16,19,4,7,3,23,23,26,6,20,18,22,21,12,17,14,20,22,16,24,2019-20,2
1610612752,New York Knicks,14,3,11,0.214,672.0,521,1217,0.428,159,419,0.379,223,332,0.672,171,446,617,290,200.0,112,59,54,338,275,1424,-106.0,14,27,26,27,18,26,22,29,22,26,5,24,15,30,3,25,22,30,11,14,25,3,27,25,27,26,2019-20,2
1610612760,Oklahoma City Thunder,13,6,7,0.462,629.0,515,1095,0.47,146,399,0.366,248,304,0.816,92,418,510,308,174.0,103,66,60,251,287,1424,-23.0,24,16,15,16,24,27,28,7,27,28,13,19,24,4,30,29,30,25,2,17,18,8,2,21,27,18,2019-20,2
1610612753,Orlando Magic,14,5,9,0.357,672.0,526,1219,0.432,135,425,0.318,249,317,0.785,149,480,629,313,194.0,118,96,56,266,277,1436,-30.0,14,18,19,20,18,24,21,27,29,23,30,18,18,12,16,19,20,23,8,11,4,4,4,24,25,20,2019-20,2
1610612755,Philadelphia 76ers,16,10,6,0.625,773.0,652,1375,0.474,169,466,0.363,258,342,0.754,150,571,721,424,248.0,129,89,63,341,330,1731,49.0,1,4,12,11,1,4,6,6,14,15,15,14,13,20,15,2,3,1,28,4,6,10,28,3,4,11,2019-20,2
1610612756,Phoenix Suns,13,5,8,0.385,624.0,532,1145,0.465,171,462,0.37,253,313,0.808,110,423,533,352,179.0,87,50,64,269,311,1488,-14.0,24,18,17,17,26,22,25,11,13,16,10,16,21,7,28,27,29,12,3,28,28,12,6,13,23,14,2019-20,2
1610612757,Portland Trail Blazers,15,5,10,0.333,725.0,632,1399,0.452,194,527,0.368,259,320,0.809,162,538,700,312,196.0,82,91,90,336,300,1717,-25.0,6,18,21,22,8,6,4,16,6,8,12,13,16,6,8,8,6,24,9,29,5,26,26,16,5,19,2019-20,2
1610612758,Sacramento Kings,13,8,5,0.615,629.0,511,1113,0.459,165,451,0.366,196,249,0.787,123,421,544,308,197.0,102,63,62,293,241,1383,25.0,24,13,9,12,24,28,27,13,17,21,14,28,28,10,27,28,27,25,10,19,22,9,14,30,29,12,2019-20,2
1610612759,San Antonio Spurs,16,4,12,0.25,768.0,675,1444,0.467,150,421,0.356,276,348,0.793,166,551,717,394,204.0,97,85,78,297,317,1776,-64.0,1,24,27,26,4,2,2,9,26,24,18,7,9,8,5,4,4,4,12,24,9,21,15,10,2,23,2019-20,2
1610612761,Toronto Raptors,13,10,3,0.769,624.0,524,1144,0.458,187,467,0.4,214,278,0.77,126,459,585,333,181.0,100,65,86,265,258,1449,106.0,24,4,4,4,26,25,26,14,9,14,1,26,25,16,26,22,24,20,4,20,19,24,3,26,24,6,2019-20,2
1610612762,Utah Jazz,14,8,6,0.571,672.0,531,1196,0.444,173,456,0.379,285,368,0.774,127,519,646,293,207.0,80,64,77,284,308,1520,7.0,14,13,12,14,18,23,23,22,12,19,6,5,3,15,25,11,16,29,13,30,21,19,12,14,21,13,2019-20,2
1610612764,Washington Wizards,13,5,8,0.385,624.0,585,1227,0.477,164,443,0.37,203,248,0.819,131,408,539,378,189.0,97,48,78,278,255,1537,-45.0,24,18,17,17,26,14,20,5,18,22,9,27,29,3,24,30,28,7,6,24,29,21,8,27,19,21,2019-20,2
1610612737,Atlanta Hawks,14,3,11,0.214,677.0,555,1275,0.435,168,528,0.318,209,270,0.774,127,466,593,320,228.0,113,74,77,289,261,1487,-129.0,20,29,27,29,22,23,19,25,18,9,26,27,26,17,27,27,28,21,24,17,16,18,11,27,24,29,2019-20,3
1610612738,Boston Celtics,13,10,3,0.769,624.0,546,1132,0.482,168,451,0.373,204,255,0.8,136,442,578,297,187.0,88,88,60,284,244,1464,134.0,28,4,2,2,29,25,29,2,18,23,8,28,28,5,24,30,29,28,6,27,7,4,9,29,27,2,2019-20,3
1610612751,Brooklyn Nets,13,6,7,0.462,634.0,511,1198,0.427,149,482,0.309,230,305,0.754,143,534,677,303,198.0,80,59,89,261,265,1401,1.0,28,18,13,18,28,30,27,28,25,19,30,22,19,21,21,9,11,27,9,29,26,27,4,24,29,16,2019-20,3
1610612766,Charlotte Hornets,15,5,10,0.333,725.0,543,1299,0.418,174,517,0.337,262,352,0.744,182,490,672,354,212.0,104,75,88,304,321,1522,-71.0,6,21,23,23,12,26,18,30,16,10,23,10,7,23,1,21,13,15,13,19,14,26,21,7,23,24,2019-20,3
1610612741,Chicago Bulls,14,7,7,0.5,682.0,539,1221,0.441,186,497,0.374,216,267,0.809,133,478,611,327,225.0,142,71,84,293,264,1480,49.0,20,15,13,15,21,27,25,22,8,15,6,26,27,2,25,24,27,19,20,2,19,24,13,26,26,10,2019-20,3
1610612739,Cleveland Cavaliers,14,5,9,0.357,677.0,563,1236,0.456,147,447,0.329,181,253,0.715,153,472,625,310,252.0,97,56,97,235,259,1454,-157.0,20,21,20,21,22,22,24,15,27,25,24,30,29,29,16,26,25,23,30,25,27,30,2,28,28,30,2019-20,3
1610612742,Dallas Mavericks,15,9,6,0.6,725.0,607,1350,0.45,238,649,0.367,263,331,0.795,168,562,730,367,194.0,102,69,59,283,287,1715,111.0,6,9,11,11,12,12,11,19,1,1,10,8,16,9,7,4,4,10,8,20,20,3,8,18,9,4,2019-20,3
1610612743,Denver Nuggets,16,10,6,0.625,768.0,668,1419,0.471,176,493,0.357,243,304,0.799,176,501,677,435,218.0,127,66,76,298,309,1755,56.0,1,4,11,10,4,2,2,9,15,16,16,17,20,7,2,16,11,3,15,8,22,17,16,11,6,7,2019-20,3
1610612765,Detroit Pistons,15,6,9,0.4,720.0,611,1312,0.466,184,509,0.361,244,336,0.726,146,486,632,369,226.0,121,63,93,261,290,1650,-47.0,6,18,20,20,16,11,16,10,9,11,14,16,11,28,19,23,23,9,23,13,23,29,4,17,13,20,2019-20,3
1610612744,Golden State Warriors,15,5,10,0.333,730.0,577,1328,0.434,149,427,0.349,258,333,0.775,170,496,666,357,225.0,130,79,77,299,296,1561,-81.0,6,21,23,23,7,19,14,26,25,29,20,11,15,15,4,18,15,13,20,5,11,18,17,13,19,25,2019-20,3
1610612745,Houston Rockets,15,10,5,0.667,730.0,638,1386,0.46,236,648,0.364,263,337,0.78,174,530,704,322,218.0,118,80,75,312,295,1775,73.0,6,4,5,5,7,6,6,12,2,2,11,8,10,14,3,10,7,20,15,15,9,14,24,14,3,5,2019-20,3
1610612754,Indiana Pacers,15,10,5,0.667,725.0,613,1332,0.46,168,453,0.371,231,294,0.786,124,516,640,397,177.0,100,75,81,284,269,1625,29.0,6,4,5,5,12,10,13,13,18,21,9,21,23,13,29,13,19,7,2,22,14,23,9,23,16,12,2019-20,3
1610612746,LA Clippers,15,10,5,0.667,720.0,622,1348,0.461,183,490,0.373,324,405,0.8,160,539,699,343,223.0,127,61,75,302,342,1751,113.0,6,4,5,5,16,9,12,11,11,17,7,2,3,5,12,7,8,18,18,8,24,14,19,2,7,3,2019-20,3
1610612747,Los Angeles Lakers,14,9,5,0.643,672.0,585,1217,0.481,150,441,0.34,246,338,0.728,151,487,638,355,217.0,123,96,63,299,304,1566,59.0,20,9,5,8,25,17,26,5,24,27,21,15,9,27,17,22,21,14,14,12,3,5,17,12,18,6,2019-20,3
1610612763,Memphis Grizzlies,16,8,8,0.5,768.0,681,1444,0.472,195,548,0.356,258,326,0.791,157,556,713,442,239.0,132,80,80,346,318,1815,-20.0,1,14,17,15,4,1,1,7,6,6,17,11,18,10,14,6,5,1,28,3,9,21,30,8,1,17,2019-20,3
1610612748,Miami Heat,15,11,4,0.733,745.0,593,1302,0.455,188,502,0.375,328,417,0.787,146,561,707,370,205.0,93,52,73,294,335,1702,23.0,6,2,3,3,6,16,17,16,7,13,5,1,2,12,19,5,6,8,10,26,28,13,14,5,11,13,2019-20,3
1610612749,Milwaukee Bucks,15,13,2,0.867,720.0,664,1352,0.491,212,550,0.385,249,334,0.746,150,633,783,408,228.0,129,95,84,267,295,1789,248.0,6,1,1,1,16,4,10,1,3,5,3,13,13,22,18,1,1,5,24,6,4,24,6,14,2,1,2019-20,3
1610612750,Minnesota Timberwolves,14,2,12,0.143,692.0,538,1272,0.423,168,532,0.316,295,375,0.787,157,466,623,278,210.0,120,81,78,297,314,1539,-109.0,20,30,29,30,20,28,20,29,18,8,28,6,5,11,14,27,26,29,12,14,8,20,15,10,22,27,2019-20,3
1610612740,New Orleans Pelicans,15,5,10,0.333,730.0,603,1376,0.438,203,573,0.354,222,301,0.738,158,539,697,366,223.0,102,72,68,307,278,1631,-58.0,6,21,23,23,7,14,8,24,4,3,18,25,22,26,13,7,9,11,18,20,17,8,23,21,15,22,2019-20,3
1610612752,New York Knicks,14,5,9,0.357,677.0,551,1272,0.433,140,447,0.313,239,335,0.713,163,506,669,306,186.0,100,72,80,305,272,1481,-121.0,20,21,20,21,22,24,20,27,28,25,29,20,12,30,10,15,14,26,5,22,17,21,22,22,25,28,2019-20,3
1610612760,Oklahoma City Thunder,15,11,4,0.733,730.0,602,1270,0.474,136,428,0.318,297,368,0.807,133,519,652,310,205.0,112,79,56,280,341,1637,51.0,6,2,3,3,7,15,22,6,29,28,27,5,6,3,25,11,17,23,10,18,11,2,7,3,14,9,2019-20,3
1610612753,Orlando Magic,15,7,8,0.467,720.0,585,1328,0.441,163,451,0.361,243,328,0.741,141,496,637,352,183.0,126,97,71,258,285,1576,-40.0,6,15,17,17,16,17,14,23,23,23,15,17,17,24,23,18,22,17,3,10,2,11,3,19,17,19,2019-20,3
1610612755,Philadelphia 76ers,16,9,7,0.563,773.0,668,1418,0.471,184,490,0.376,247,334,0.74,170,567,737,427,225.0,129,93,65,318,315,1767,56.0,1,9,13,13,3,2,3,8,9,17,4,14,13,25,4,2,2,4,20,6,5,6,25,9,5,7,2019-20,3
1610612756,Phoenix Suns,15,5,10,0.333,730.0,634,1379,0.46,167,508,0.329,271,341,0.795,161,495,656,437,222.0,126,50,89,331,336,1706,-58.0,6,21,23,23,7,7,7,14,22,12,25,7,8,8,11,20,16,2,17,10,30,27,27,4,10,22,2019-20,3
1610612757,Portland Trail Blazers,14,6,8,0.429,672.0,572,1258,0.455,169,465,0.363,243,292,0.832,142,497,639,274,184.0,84,102,68,302,265,1556,-26.0,20,18,17,19,25,20,23,18,17,20,12,17,24,1,22,17,20,30,4,28,1,8,19,24,20,18,2019-20,3
1610612758,Sacramento Kings,16,4,12,0.25,783.0,643,1412,0.455,183,541,0.338,223,288,0.774,168,514,682,354,231.0,114,69,71,327,283,1692,-55.0,1,27,29,28,1,5,4,17,11,7,22,24,25,16,7,14,10,15,27,16,20,11,26,20,12,21,2019-20,3
1610612759,San Antonio Spurs,12,7,5,0.583,606.0,535,1112,0.481,134,347,0.386,194,253,0.767,95,473,568,309,161.0,100,79,48,230,228,1398,6.0,30,15,5,12,30,29,30,3,30,30,2,29,29,19,30,25,30,25,1,22,11,1,1,30,30,15,2019-20,3
1610612761,Toronto Raptors,16,9,7,0.563,778.0,627,1410,0.445,198,563,0.352,317,393,0.807,170,565,735,399,240.0,147,91,70,333,323,1769,36.0,1,9,13,13,2,8,5,20,5,4,19,4,4,4,4,3,3,6,29,1,6,10,28,6,4,11,2019-20,3
1610612762,Utah Jazz,14,9,5,0.643,672.0,564,1173,0.481,182,453,0.402,230,302,0.762,125,517,642,316,229.0,80,52,66,290,292,1540,23.0,20,9,5,8,25,21,28,4,13,21,1,22,21,20,28,12,18,22,26,29,28,7,12,16,21,13,2019-20,3
1610612764,Washington Wizards,15,4,11,0.267,725.0,606,1365,0.444,182,502,0.363,324,420,0.771,164,462,626,366,190.0,132,60,75,342,345,1718,-96.0,6,27,27,27,12,13,9,21,13,13,13,2,1,18,9,29,24,11,7,3,25,14,29,1,8,26,2019-20,3
1610612737,Atlanta Hawks,15,6,9,0.4,720.0,611,1361,0.449,191,563,0.339,296,367,0.807,147,523,670,356,234.0,111,84,78,394,328,1709,-78.0,8,20,21,21,16,15,12,26,10,7,25,6,8,5,18,15,17,16,26,14,6,19,30,6,14,24,2019-20,4
1610612738,Boston Celtics,16,9,7,0.563,768.0,671,1435,0.468,191,531,0.36,294,365,0.805,168,556,724,387,228.0,138,85,87,337,316,1827,79.0,3,8,13,13,6,4,5,14,10,10,15,7,9,6,6,3,3,8,23,3,5,26,26,8,3,6,2019-20,4
1610612751,Brooklyn Nets,15,5,10,0.333,730.0,596,1310,0.455,196,552,0.355,252,348,0.724,148,530,678,362,241.0,106,62,76,289,305,1640,-66.0,8,24,24,24,8,21,18,23,7,8,19,21,12,28,17,10,12,14,27,16,23,18,12,14,19,23,2019-20,4
1610612766,Charlotte Hornets,12,3,9,0.25,586.0,436,1016,0.429,138,398,0.347,208,268,0.776,130,375,505,299,175.0,70,45,65,229,256,1218,-94.0,30,27,21,26,30,30,30,29,29,28,20,29,30,15,25,30,30,30,4,30,30,11,1,30,30,26,2019-20,4
1610612741,Chicago Bulls,17,6,11,0.353,821.0,677,1465,0.462,188,587,0.32,262,339,0.773,158,514,672,387,245.0,170,62,88,337,296,1804,-82.0,1,20,25,23,1,2,2,20,12,3,29,15,17,16,11,19,14,8,29,1,23,27,26,17,4,25,2019-20,4
1610612739,Cleveland Cavaliers,16,3,13,0.188,773.0,661,1413,0.468,179,495,0.362,219,277,0.791,179,530,709,368,263.0,97,46,86,314,290,1720,-133.0,3,27,29,29,4,6,6,12,15,15,13,27,29,9,3,10,5,11,30,22,29,24,19,20,11,29,2019-20,4
1610612742,Dallas Mavericks,15,8,7,0.533,725.0,639,1355,0.472,219,604,0.363,243,334,0.728,180,507,687,347,183.0,76,73,59,289,311,1740,32.0,8,12,13,14,10,11,14,9,1,2,12,22,19,27,2,21,8,22,10,28,15,4,12,9,9,10,2019-20,4
1610612743,Denver Nuggets,16,11,5,0.688,773.0,667,1442,0.463,173,503,0.344,290,361,0.803,179,534,713,409,201.0,138,75,90,320,317,1797,29.0,3,3,7,8,4,5,4,19,18,14,22,10,10,7,3,7,4,3,13,3,12,29,21,7,5,12,2019-20,4
1610612765,Detroit Pistons,16,5,11,0.313,783.0,643,1388,0.463,174,488,0.357,307,410,0.749,156,525,681,363,233.0,136,79,98,329,335,1767,-31.0,3,24,25,25,3,10,7,18,16,16,18,4,2,22,12,14,10,13,25,5,10,30,23,3,8,21,2019-20,4
1610612744,Golden State Warriors,14,1,13,0.071,682.0,522,1246,0.419,161,472,0.341,264,326,0.81,135,466,601,367,213.0,122,50,70,283,279,1469,-164.0,21,30,29,30,21,28,24,30,22,20,24,13,23,4,22,27,27,12,17,10,28,16,8,25,28,30,2019-20,4
1610612745,Houston Rockets,14,7,7,0.5,672.0,573,1272,0.45,193,564,0.342,299,382,0.783,145,485,630,301,209.0,105,73,85,307,306,1638,10.0,21,16,13,16,25,24,21,25,8,6,23,5,5,12,20,24,23,29,16,19,15,22,17,13,20,16,2019-20,4
1610612754,Indiana Pacers,14,9,5,0.643,677.0,608,1211,0.502,143,367,0.39,216,278,0.777,120,438,558,390,170.0,106,66,52,263,258,1575,21.0,21,8,7,9,24,18,25,1,27,30,1,28,28,14,28,29,29,7,2,16,19,2,4,29,23,13,2019-20,4
1610612746,LA Clippers,13,9,4,0.692,624.0,545,1166,0.467,152,418,0.364,271,353,0.768,150,478,628,319,180.0,76,68,64,287,310,1513,40.0,27,8,3,7,27,27,28,16,25,27,11,11,11,18,15,26,24,27,8,28,17,10,10,10,27,9,2019-20,4
1610612747,Los Angeles Lakers,14,10,4,0.714,672.0,610,1253,0.487,158,424,0.373,254,347,0.732,160,503,663,354,202.0,115,100,61,279,292,1632,90.0,21,7,3,5,25,16,23,4,24,26,6,19,13,25,9,22,20,17,15,12,1,8,7,18,21,5,2019-20,4
1610612763,Memphis Grizzlies,15,11,4,0.733,720.0,676,1356,0.499,170,464,0.366,263,333,0.79,134,548,682,429,216.0,127,99,68,308,307,1785,68.0,8,3,3,3,16,3,13,2,20,22,9,14,20,10,23,4,9,1,19,7,2,14,18,12,6,7,2019-20,4
1610612748,Miami Heat,14,8,6,0.571,682.0,558,1182,0.472,184,514,0.358,253,315,0.803,103,520,623,352,179.0,77,58,62,268,261,1553,32.0,21,12,11,12,21,26,26,8,13,13,16,20,24,8,30,17,25,19,7,27,26,9,6,28,26,10,2019-20,4
1610612749,Milwaukee Bucks,13,11,2,0.846,624.0,565,1178,0.48,174,487,0.357,255,344,0.741,104,558,662,341,176.0,84,80,59,243,289,1559,125.0,27,3,1,1,27,25,27,6,16,17,17,18,14,23,29,2,21,23,5,26,9,4,2,22,25,2,2019-20,4
1610612750,Minnesota Timberwolves,15,3,12,0.2,725.0,603,1370,0.44,211,613,0.344,237,330,0.718,164,508,672,396,231.0,125,84,88,315,291,1654,-59.0,8,27,27,28,10,19,8,27,4,1,21,24,21,29,8,20,14,6,24,8,6,27,20,19,17,22,2019-20,4
1610612740,New Orleans Pelicans,15,9,6,0.6,730.0,661,1367,0.484,212,548,0.387,294,400,0.735,168,535,703,418,242.0,104,93,60,303,339,1828,48.0,8,8,11,11,8,6,10,5,3,9,2,7,3,24,6,6,6,2,28,20,4,6,16,2,2,8,2019-20,4
1610612752,New York Knicks,16,4,12,0.25,768.0,660,1463,0.451,145,459,0.316,227,328,0.692,184,548,732,349,215.0,117,74,86,334,298,1692,-109.0,3,26,27,26,6,8,3,24,26,23,30,25,22,30,1,4,2,20,18,11,14,24,25,16,16,28,2019-20,4
1610612760,Oklahoma City Thunder,17,12,5,0.706,821.0,709,1484,0.478,199,526,0.378,338,412,0.82,138,614,752,400,217.0,124,82,69,287,393,1955,101.0,1,1,7,6,1,1,1,7,6,12,4,1,1,3,21,1,1,5,20,9,8,15,10,1,1,4,2019-20,4
1610612753,Orlando Magic,15,7,8,0.467,720.0,576,1340,0.43,163,487,0.335,256,340,0.753,171,530,701,334,182.0,129,64,74,263,285,1571,2.0,8,16,17,17,16,23,16,28,21,17,26,16,16,21,5,10,7,25,9,6,21,17,4,23,24,18,2019-20,4
1610612755,Philadelphia 76ers,13,8,5,0.615,624.0,519,1125,0.461,139,426,0.326,205,281,0.73,123,455,578,331,167.0,106,64,42,260,263,1382,21.0,27,12,7,10,27,29,29,22,28,25,28,30,27,26,27,28,28,26,1,16,21,1,3,27,29,13,2019-20,4
1610612756,Phoenix Suns,15,7,8,0.467,720.0,600,1279,0.469,130,394,0.33,323,390,0.828,151,521,672,369,225.0,115,68,84,337,333,1653,3.0,8,16,17,17,16,20,20,11,30,29,27,2,4,2,13,16,14,10,22,12,17,21,26,5,18,17,2019-20,4
1610612757,Portland Trail Blazers,15,8,7,0.533,725.0,632,1369,0.462,192,527,0.364,269,343,0.784,150,527,677,309,177.0,86,96,80,295,308,1725,-29.0,8,12,13,14,10,12,9,21,9,11,10,12,15,11,15,13,13,28,6,24,3,20,14,11,10,20,2019-20,4
1610612758,Sacramento Kings,14,6,8,0.429,682.0,590,1257,0.469,181,484,0.374,223,293,0.761,129,481,610,340,201.0,110,55,54,322,273,1584,-26.0,21,20,17,20,21,22,22,10,14,19,5,26,26,19,26,25,26,24,13,15,27,3,22,26,22,19,2019-20,4
1610612759,San Antonio Spurs,15,7,8,0.467,720.0,610,1305,0.467,173,470,0.368,318,374,0.85,134,532,666,360,173.0,95,76,60,295,299,1711,12.0,8,16,17,17,16,16,19,15,18,21,7,3,7,1,23,9,19,15,3,23,11,6,14,15,12,15,2019-20,4
1610612761,Toronto Raptors,15,12,3,0.8,725.0,632,1363,0.464,208,567,0.367,239,311,0.768,151,517,668,402,194.0,144,66,85,333,284,1711,120.0,8,1,2,2,10,12,11,17,5,4,8,23,25,17,13,18,18,4,12,2,19,22,24,24,12,3,2019-20,4
1610612762,Utah Jazz,15,11,4,0.733,725.0,650,1313,0.495,216,566,0.382,256,339,0.755,146,534,680,353,191.0,86,61,67,286,290,1772,144.0,8,3,3,3,10,9,17,3,2,5,3,16,17,20,19,7,11,18,11,24,25,13,9,20,7,1,2019-20,4
1610612764,Washington Wizards,15,6,9,0.4,725.0,628,1343,0.468,159,441,0.361,293,376,0.779,160,490,650,349,222.0,100,75,66,341,335,1708,-106.0,8,20,21,21,10,14,15,13,23,24,14,9,6,13,9,23,22,20,21,21,12,12,29,3,15,27,2019-20,4
1610612737,Atlanta Hawks,13,6,7,0.462,634.0,551,1178,0.468,173,472,0.367,287,336,0.854,121,438,559,335,184.0,96,66,88,274,281,1562,-38.0,1,10,19,14,1,1,1,13,4,5,15,1,1,1,11,5,4,3,28,9,3,30,30,3,1,20,2019-20,5
1610612738,Boston Celtics,12,9,3,0.75,591.0,498,1066,0.467,160,400,0.4,250,315,0.794,123,448,571,250,159.0,96,55,71,266,253,1406,78.0,4,2,4,4,4,6,7,15,7,10,2,3,3,13,9,3,3,24,15,9,15,28,28,6,4,6,2019-20,5
1610612751,Brooklyn Nets,12,5,7,0.417,581.0,487,1100,0.443,169,475,0.356,206,272,0.757,142,464,606,308,163.0,68,52,60,242,229,1349,56.0,4,16,19,21,5,10,4,27,5,4,22,9,8,21,1,2,1,7,18,28,17,21,23,11,7,8,2019-20,5
1610612766,Charlotte Hornets,11,5,6,0.455,528.0,399,938,0.425,119,362,0.329,160,223,0.717,122,373,495,245,157.0,71,41,57,182,209,1077,-98.0,10,16,13,16,19,29,24,30,24,19,27,28,25,26,10,18,18,25,14,27,25,19,1,23,29,29,2019-20,5
1610612741,Chicago Bulls,9,1,8,0.111,432.0,379,800,0.474,124,320,0.388,124,180,0.689,111,241,352,215,160.0,94,29,46,210,174,1006,-73.0,30,30,25,30,30,30,30,8,22,26,6,30,30,28,15,30,30,29,16,11,30,7,10,30,30,28,2019-20,5
1610612739,Cleveland Cavaliers,11,4,7,0.364,538.0,466,980,0.476,131,355,0.369,164,220,0.745,119,364,483,292,192.0,75,38,69,200,212,1227,-64.0,10,23,19,23,11,14,19,5,17,21,14,26,26,22,13,20,19,12,29,23,27,27,5,19,18,25,2019-20,5
1610612742,Dallas Mavericks,12,7,5,0.583,576.0,497,1064,0.467,203,506,0.401,223,269,0.829,108,436,544,306,147.0,64,66,47,231,241,1420,74.0,4,5,11,11,7,7,8,16,1,2,1,6,9,3,17,6,7,8,8,29,3,10,18,8,3,7,2019-20,5
1610612743,Denver Nuggets,10,6,4,0.6,490.0,442,860,0.514,109,285,0.382,162,209,0.775,94,331,425,272,138.0,78,52,30,204,197,1155,26.0,26,10,7,9,26,22,28,1,27,28,8,27,28,17,24,27,28,18,5,20,17,1,7,25,25,10,2019-20,5
1610612765,Detroit Pistons,11,3,8,0.273,538.0,423,959,0.441,135,377,0.358,147,185,0.795,126,328,454,268,165.0,72,41,62,215,200,1128,-64.0,10,27,25,27,11,26,22,29,15,15,20,29,29,10,6,29,22,21,19,26,25,24,12,24,27,25,2019-20,5
1610612744,Golden State Warriors,11,3,8,0.273,528.0,435,943,0.461,113,359,0.315,189,237,0.797,94,347,441,303,180.0,99,63,43,228,211,1172,-113.0,10,27,25,27,19,25,23,21,25,20,29,17,22,8,24,26,27,9,27,7,6,5,17,20,24,30,2019-20,5
1610612745,Houston Rockets,11,9,2,0.818,533.0,459,998,0.46,193,538,0.359,201,245,0.82,84,360,444,230,141.0,112,62,55,227,192,1312,87.0,10,2,2,2,14,17,15,22,2,1,18,10,17,5,29,21,25,28,6,1,9,16,16,28,11,5,2019-20,5
1610612754,Indiana Pacers,12,5,7,0.417,576.0,495,1047,0.473,111,346,0.321,176,232,0.759,99,416,515,314,161.0,90,62,46,232,228,1277,-11.0,4,16,19,21,7,8,9,10,26,24,28,23,23,20,22,9,14,6,17,13,9,7,19,12,14,15,2019-20,5
1610612746,LA Clippers,11,7,4,0.636,538.0,475,1004,0.473,151,387,0.39,198,241,0.822,108,425,533,289,150.0,73,56,52,240,210,1299,88.0,10,5,7,7,11,12,13,9,10,13,5,11,20,4,17,7,9,13,10,25,14,14,22,21,12,3,2019-20,5
1610612747,Los Angeles Lakers,11,9,2,0.818,533.0,482,977,0.493,130,367,0.354,198,291,0.68,125,407,532,302,174.0,98,61,33,217,255,1292,103.0,10,2,2,2,14,11,20,2,19,16,24,11,5,30,7,10,10,10,25,8,11,3,13,5,13,2,2019-20,5
1610612763,Memphis Grizzlies,11,5,6,0.455,528.0,462,1029,0.449,85,290,0.293,177,247,0.717,139,417,556,273,153.0,83,60,60,218,213,1186,-27.0,10,16,13,16,19,16,10,26,30,27,30,22,15,27,3,8,6,17,11,17,12,21,15,18,23,17,2019-20,5
1610612748,Miami Heat,13,6,7,0.462,629.0,527,1126,0.468,192,486,0.395,259,334,0.775,111,448,559,369,167.0,105,64,53,265,292,1505,26.0,1,10,19,14,2,2,2,12,3,3,3,2,2,16,15,3,4,1,23,4,5,15,27,1,2,10,2019-20,5
1610612749,Milwaukee Bucks,11,10,1,0.909,533.0,488,1027,0.475,160,427,0.375,193,243,0.794,104,492,596,295,172.0,75,67,44,211,221,1329,167.0,10,1,1,1,14,9,11,6,7,8,12,16,18,11,20,1,2,11,24,23,2,6,11,15,9,1,2019-20,5
1610612750,Minnesota Timberwolves,11,2,9,0.182,528.0,457,1002,0.456,165,459,0.359,242,313,0.773,94,349,443,275,165.0,103,63,62,245,250,1321,-60.0,10,29,29,29,19,18,14,25,6,6,17,5,4,18,24,25,26,15,19,5,6,24,25,7,10,23,2019-20,5
1610612740,New Orleans Pelicans,10,6,4,0.6,480.0,442,909,0.486,135,353,0.382,171,238,0.718,112,386,498,320,176.0,83,51,58,196,196,1190,39.0,26,10,7,9,27,22,26,3,15,23,9,24,21,25,14,15,17,5,26,17,20,20,3,27,22,9,2019-20,5
1610612752,New York Knicks,11,5,6,0.455,543.0,467,984,0.475,89,263,0.338,181,263,0.688,141,381,522,272,166.0,87,50,61,239,224,1204,-30.0,10,16,13,16,10,13,18,7,29,30,26,20,11,29,2,16,13,18,21,15,21,23,20,14,20,18,2019-20,5
1610612760,Oklahoma City Thunder,10,7,3,0.7,480.0,407,845,0.482,97,273,0.355,212,267,0.794,79,330,409,209,119.0,76,46,31,192,232,1123,8.0,26,5,4,5,27,28,29,4,28,29,23,8,10,12,30,28,29,30,2,21,23,2,2,10,28,13,2019-20,5
1610612753,Orlando Magic,12,6,6,0.5,581.0,501,1077,0.465,150,429,0.35,198,254,0.78,120,407,527,335,153.0,101,73,64,199,218,1350,-16.0,4,10,13,13,5,5,6,17,12,7,25,11,13,15,12,10,12,3,11,6,1,26,4,16,6,16,2019-20,5
1610612755,Philadelphia 76ers,11,6,5,0.545,533.0,437,988,0.442,129,354,0.364,194,248,0.782,124,375,499,268,137.0,86,63,42,205,210,1197,-38.0,10,10,11,12,14,24,16,28,21,22,16,15,14,14,8,17,16,21,4,16,6,4,9,21,21,20,2019-20,5
1610612756,Phoenix Suns,13,4,9,0.308,624.0,515,1112,0.463,131,367,0.357,245,288,0.851,133,402,535,349,213.0,109,54,75,272,285,1406,-60.0,1,23,29,26,3,3,3,18,17,16,21,4,6,2,4,12,8,2,30,3,16,29,29,2,4,23,2019-20,5
1610612757,Portland Trail Blazers,12,4,8,0.333,576.0,506,1093,0.463,151,391,0.386,180,242,0.744,128,401,529,232,154.0,76,60,55,244,217,1343,-68.0,4,23,25,25,7,4,5,19,10,11,7,21,19,23,5,13,11,27,13,21,12,16,24,17,8,27,2019-20,5
1610612758,Sacramento Kings,11,7,4,0.636,528.0,446,964,0.463,159,405,0.393,189,260,0.727,90,359,449,276,133.0,83,38,51,239,233,1240,15.0,10,5,7,7,19,20,21,20,9,9,4,17,12,24,27,22,23,14,3,17,27,13,20,9,16,12,2019-20,5
1610612759,San Antonio Spurs,11,4,7,0.364,528.0,450,985,0.457,121,323,0.375,186,230,0.809,90,367,457,269,116.0,92,48,55,202,197,1207,-57.0,10,23,19,23,19,19,17,24,23,25,13,19,24,6,27,19,21,20,1,12,22,16,6,25,19,22,2019-20,5
1610612761,Toronto Raptors,10,7,3,0.7,480.0,416,890,0.467,148,391,0.379,168,211,0.796,95,351,446,251,145.0,88,52,49,217,192,1148,88.0,26,5,4,5,27,27,27,14,13,11,10,25,27,9,23,24,24,23,7,14,17,12,13,28,26,3,2019-20,5
1610612762,Utah Jazz,11,5,6,0.455,528.0,443,938,0.472,146,386,0.378,197,247,0.798,106,397,503,233,166.0,55,34,47,204,226,1229,-37.0,10,16,13,16,19,21,24,11,14,14,11,14,15,7,19,14,15,26,21,30,29,10,7,13,17,19,2019-20,5
1610612764,Washington Wizards,11,5,6,0.455,533.0,465,1017,0.457,130,363,0.358,216,283,0.763,104,357,461,275,147.0,110,45,46,248,266,1276,-1.0,10,16,13,16,14,15,12,23,19,18,19,7,7,19,20,23,20,15,8,2,24,7,26,4,15,14,2019-20,5
1610612737,Atlanta Hawks,5,1,4,0.2,255.0,211,482,0.438,69,200,0.345,84,109,0.771,63,168,231,127,82.0,31,22,33,121,98,575,-62.0,8,28,25,28,8,14,9,26,9,7,21,23,20,16,4,18,10,15,21,26,19,27,26,22,16,30,2019-20,6
1610612738,Boston Celtics,5,2,3,0.4,245.0,198,468,0.423,62,189,0.328,86,108,0.796,61,167,228,100,62.0,44,28,30,103,106,544,-6.0,8,17,14,18,9,22,10,30,19,13,25,20,21,11,8,19,12,29,5,10,8,25,12,15,24,16,2019-20,6
1610612751,Brooklyn Nets,5,4,1,0.8,245.0,193,440,0.439,60,197,0.305,115,150,0.767,63,191,254,114,83.0,25,20,23,107,118,561,-6.0,8,1,1,1,9,25,15,25,25,9,29,5,4,17,4,7,7,24,22,29,20,12,16,6,20,16,2019-20,6
1610612766,Charlotte Hornets,6,2,4,0.333,298.0,234,511,0.458,84,211,0.398,103,126,0.817,64,178,242,151,77.0,41,23,29,103,116,655,4.0,2,17,25,25,2,6,6,21,3,6,6,7,11,7,3,12,9,3,17,16,15,23,12,7,5,12,2019-20,6
1610612741,Chicago Bulls,5,2,3,0.4,240.0,210,461,0.456,54,172,0.314,60,83,0.723,57,147,204,121,69.0,51,25,27,117,90,534,-9.0,8,17,14,18,14,16,11,23,27,20,27,30,30,25,12,26,24,17,13,4,12,21,23,26,26,20,2019-20,6
1610612739,Cleveland Cavaliers,5,2,3,0.4,245.0,206,430,0.479,61,165,0.37,85,118,0.72,59,161,220,139,78.0,37,14,26,93,111,558,-19.0,8,17,14,18,9,19,22,11,22,23,14,22,15,26,11,22,16,10,19,20,29,19,5,10,21,23,2019-20,6
1610612742,Dallas Mavericks,7,4,3,0.571,341.0,296,643,0.46,106,301,0.352,99,139,0.712,63,270,333,179,96.0,60,44,36,114,134,797,50.0,1,1,14,13,1,1,1,19,1,1,18,9,6,27,4,1,1,1,29,1,1,29,22,2,1,3,2019-20,6
1610612743,Denver Nuggets,6,3,3,0.5,288.0,253,515,0.491,72,194,0.371,77,104,0.74,57,196,253,168,93.0,51,23,17,128,116,655,-3.0,2,7,14,14,4,3,5,2,8,11,12,25,24,20,12,6,8,2,28,4,15,4,29,7,5,15,2019-20,6
1610612765,Detroit Pistons,5,0,5,0.0,240.0,181,416,0.435,67,188,0.356,73,108,0.676,37,146,183,120,66.0,36,16,28,112,91,502,-49.0,8,30,30,30,14,28,26,27,12,14,17,28,21,30,25,27,28,18,8,23,27,22,20,25,28,29,2019-20,6
1610612744,Golden State Warriors,5,2,3,0.4,240.0,205,428,0.479,61,184,0.332,93,126,0.738,48,161,209,145,66.0,26,17,17,106,110,564,-26.0,8,17,14,18,14,20,23,12,22,17,24,13,11,21,17,22,21,5,8,28,25,4,15,12,19,26,2019-20,6
1610612745,Houston Rockets,5,1,4,0.2,240.0,189,435,0.434,66,213,0.31,106,134,0.791,52,146,198,111,80.0,45,25,18,113,96,550,-40.0,8,28,25,28,14,26,18,28,14,5,28,6,7,12,15,27,25,27,20,9,12,7,21,23,22,27,2019-20,6
1610612754,Indiana Pacers,5,3,2,0.6,240.0,211,431,0.49,47,127,0.37,78,99,0.788,39,176,215,114,74.0,40,29,24,97,90,547,-8.0,8,7,7,7,14,14,21,4,29,29,13,24,27,13,23,14,18,24,16,17,7,16,7,26,23,19,2019-20,6
1610612746,LA Clippers,5,4,1,0.8,240.0,202,422,0.479,64,175,0.366,131,162,0.809,47,184,231,106,64.0,28,20,23,109,120,599,51.0,8,1,1,1,14,21,25,13,16,18,16,2,2,10,18,9,10,28,7,27,20,12,17,5,11,2,2019-20,6
1610612747,Los Angeles Lakers,5,4,1,0.8,240.0,213,448,0.475,57,175,0.326,86,106,0.811,43,179,222,113,71.0,44,31,13,121,104,569,38.0,8,1,1,1,14,12,12,16,26,18,26,20,23,8,21,11,14,26,15,10,4,2,26,16,18,4,2019-20,6
1610612763,Memphis Grizzlies,5,3,2,0.6,240.0,209,439,0.476,66,168,0.393,90,129,0.698,63,200,263,131,84.0,43,28,26,86,99,574,65.0,8,7,7,7,14,18,16,15,14,22,8,16,10,28,4,4,4,14,23,12,8,19,3,20,17,1,2019-20,6
1610612748,Miami Heat,5,3,2,0.6,240.0,186,401,0.464,77,186,0.414,74,98,0.755,36,173,209,139,77.0,38,31,22,101,95,523,13.0,8,7,7,7,14,27,28,17,6,16,3,26,28,18,27,16,21,10,17,18,4,11,10,24,27,9,2019-20,6
1610612749,Milwaukee Bucks,6,2,4,0.333,288.0,235,541,0.434,67,237,0.283,93,124,0.75,57,237,294,133,97.0,42,23,30,119,125,630,-22.0,2,17,25,25,4,5,3,29,12,2,30,13,13,19,12,2,2,12,30,13,15,25,25,4,7,25,2019-20,6
1610612750,Minnesota Timberwolves,6,2,4,0.333,288.0,253,552,0.458,78,224,0.348,97,134,0.724,61,200,261,148,92.0,55,15,29,118,114,681,-41.0,2,17,25,25,4,3,2,20,5,3,20,11,7,24,8,4,5,4,27,3,28,23,24,9,3,28,2019-20,6
1610612740,New Orleans Pelicans,5,2,3,0.4,245.0,224,490,0.457,63,190,0.332,90,130,0.692,68,187,255,145,87.0,42,20,37,100,111,601,2.0,8,17,14,18,9,7,8,22,18,12,23,16,9,29,2,8,6,5,24,13,20,30,8,10,9,14,2019-20,6
1610612752,New York Knicks,6,3,3,0.5,293.0,257,530,0.485,48,142,0.338,117,160,0.731,71,218,289,145,87.0,47,33,25,125,127,679,-19.0,2,7,14,14,3,2,4,9,28,28,22,4,3,22,1,3,3,5,24,6,2,18,28,3,4,23,2019-20,6
1610612760,Oklahoma City Thunder,4,3,1,0.75,192.0,162,331,0.489,41,108,0.38,74,102,0.725,24,129,153,83,53.0,37,28,19,80,88,439,16.0,29,7,1,6,29,30,30,5,30,30,11,26,25,23,29,30,30,30,2,20,8,9,1,29,30,7,2019-20,6
1610612753,Orlando Magic,5,3,2,0.6,240.0,219,447,0.49,61,156,0.391,99,120,0.825,47,162,209,140,60.0,35,19,24,89,107,598,13.0,8,7,7,7,14,9,13,3,22,25,9,9,14,6,18,21,21,9,3,24,23,16,4,14,12,9,2019-20,6
1610612755,Philadelphia 76ers,5,2,3,0.4,240.0,216,443,0.488,81,187,0.433,87,111,0.784,60,155,215,132,63.0,35,13,21,102,99,600,12.0,8,17,14,18,14,11,14,8,4,15,2,19,19,15,10,25,18,13,6,24,30,10,11,20,10,11,2019-20,6
1610612756,Phoenix Suns,4,2,2,0.5,192.0,166,348,0.477,64,156,0.41,90,100,0.9,38,134,172,115,60.0,24,19,23,83,90,486,-6.0,29,17,7,14,29,29,29,14,16,25,4,16,26,1,24,29,29,23,3,30,23,12,2,26,29,16,2019-20,6
1610612757,Portland Trail Blazers,5,3,2,0.6,240.0,221,434,0.509,69,170,0.406,93,115,0.809,41,181,222,119,66.0,37,33,18,100,101,604,38.0,8,7,7,7,14,8,19,1,9,21,5,13,17,9,22,10,14,20,8,20,2,7,8,18,8,4,2019-20,6
1610612758,Sacramento Kings,5,3,2,0.6,240.0,212,434,0.488,62,163,0.38,97,114,0.851,50,177,227,118,70.0,42,23,17,110,103,583,3.0,8,7,7,7,14,13,19,6,19,24,10,11,18,4,16,13,13,21,14,13,15,4,19,17,13,13,2019-20,6
1610612759,San Antonio Spurs,5,2,3,0.4,245.0,210,436,0.482,62,156,0.397,101,117,0.863,23,165,188,123,52.0,47,31,16,104,101,583,-16.0,8,17,14,18,9,16,17,10,19,25,7,8,16,2,30,20,27,16,1,6,4,3,14,18,13,22,2019-20,6
1610612761,Toronto Raptors,5,4,1,0.8,240.0,196,424,0.462,69,197,0.35,120,140,0.857,36,175,211,118,68.0,47,17,23,109,109,581,16.0,8,1,1,1,14,24,24,18,9,9,19,3,5,3,27,15,20,21,11,6,25,12,17,13,15,7,2019-20,6
1610612762,Utah Jazz,5,4,1,0.8,240.0,197,404,0.488,73,198,0.369,73,93,0.785,37,161,198,120,68.0,38,27,12,95,86,540,23.0,8,1,1,1,14,23,27,7,7,8,15,28,29,14,25,22,25,18,11,18,11,1,6,30,25,6,2019-20,6
1610612764,Washington Wizards,6,3,3,0.5,288.0,218,493,0.442,95,216,0.44,152,183,0.831,47,170,217,145,88.0,56,24,35,141,151,683,-12.0,2,7,14,14,4,10,7,24,2,4,1,1,1,5,18,17,17,5,26,2,14,28,30,1,2,21,2019-20,6
