Team,FG_per_game,FGA_per_game,FG%_per_game,3P_per_game,3PA_per_game,3P%_per_game,2P_per_game,2PA_per_game,2P%_per_game,FT_x,FTA_x,FT%_x,ORB_x,DRB_x,TRB_x,AST_x,STL_x,BLK_x,TOV_x,PF_x,PTS_x,FG%,Dist.,Unnamed: 6,2P,0-3,10-Mar,16-Oct,16-3P,3P,Unnamed: 13,2P.1,0-3.1,10-Mar.1,16-Oct.1,16-3P.1,3P.1,Unnamed: 20,2P.2,3P.2,Unnamed: 23,%FGA,Md.,Unnamed: 26,%FGA.1,Md..1,Unnamed: 29,%3PA,3P%,Unnamed: 32,Att.,Md..2,FG_totals,FGA_totals,FG%_totals,3P_totals,3PA_totals,3P%_totals,2P_totals,2PA_totals,2P%_totals,FT_y,FTA_y,FT%_y,ORB_y,DRB_y,TRB_y,AST_y,STL_y,BLK_y,TOV_y,PF_y,PTS_y,Age,W_x,L,PW,PL,MOV,SOS,SRS,ORtg,DRtg,NRtg,Pace,FTr,3PAr,TS%,Unnamed: 17,eFG%,TOV%,ORB%,FT/FGA,Unnamed: 22,eFG%.1,TOV%.1,DRB%,FT/FGA.1,Unnamed: 27,Arena,Attend.,Attend./G,Overall,Home,Road,E,W_y,A,C,SE,NW,P,SW,Pre,Post,≤3,≥10,Oct,Nov,Dec,Jan,Feb,Mar,Apr,FG_per100,FGA_per100,FG%_per100,3P_per100,3PA_per100,3P%_per100,2P_per100,2PA_per100,2P%_per100,FT,FTA,FT%,ORB,DRB,TRB,AST,STL,BLK,TOV,PF,PTS
Cleveland Cavaliers,44.5,90.8,0.491,15.9,41.5,0.383,28.6,49.3,0.581,17.0,21.9,0.776,11.2,34.2,45.4,28.1,8.2,4.3,13.2,18.1,121.9,0.491,14.9,,0.543,0.241,0.19,0.075,0.037,0.457,,0.581,0.707,0.503,0.483,0.362,0.383,,0.546,0.784,,0.066,444,,0.234,1005,,0.245,0.401,,11.0,1.0,3652,7444,0.491,1303,3401,0.383,2349,4043,0.581,1392,1793,0.776,917,2806,3723,2304,670,350,1082,1487,9999,26.6,64.0,18.0,62,20,9.54,-0.73,8.81,121.7,112.2,9.5,99.8,0.241,0.457,0.607,,0.578,11.6,25.9,0.187,,0.528,12.6,74.8,0.181,,Rocket Arena,"796,712","19,432",64-18,Jul-34,30-Nov,Nov-41,23-Jul,16-Mar,04-Dec,13-Apr,01-Sep,04-Jun,02-Aug,Oct-44,20-Aug,04-May,Jul-41,5-0,03-Dec,01-Dec,05-Oct,01-Oct,05-Nov,03-Apr,44.5,90.6,0.491,15.9,41.4,0.383,28.6,49.2,0.581,16.9,21.8,0.776,11.2,34.2,45.3,28.0,8.2,4.3,13.2,18.1,121.7
Memphis Grizzlies,44.8,93.3,0.479,13.9,37.9,0.367,30.8,55.5,0.556,18.3,23.3,0.786,12.9,34.4,47.3,28.4,8.9,5.6,15.7,20.9,121.7,0.479,13.9,,0.594,0.213,0.269,0.085,0.027,0.406,,0.556,0.713,0.475,0.468,0.4,0.367,,0.527,0.874,,0.05,341,,0.261,1159,,0.254,0.37,,24.0,1.0,3670,7654,0.479,1141,3107,0.367,2529,4547,0.556,1499,1908,0.786,1056,2819,3875,2330,726,462,1285,1711,9980,24.7,48.0,34.0,52,30,4.85,-0.06,4.79,117.7,113.0,4.7,103.3,0.249,0.406,0.588,,0.554,13.1,28.7,0.196,,0.533,12.9,74.9,0.206,,FedEx Forum,"683,067","16,660",48-34,26-15,22-19,21-Oct,27-24,05-Jun,04-Jun,01-Sep,08-Sep,11-Jul,05-Nov,36-18,16-Dec,06-Sep,31-15,03-Mar,04-Oct,04-Oct,05-Sep,05-Jun,10-Jun,03-Apr,43.3,90.3,0.479,13.5,36.6,0.367,29.8,53.6,0.556,17.7,22.5,0.786,12.5,33.3,45.7,27.5,8.6,5.4,15.2,20.2,117.7
Denver Nuggets,45.4,89.8,0.506,12.0,31.9,0.376,33.4,57.8,0.578,17.9,23.3,0.77,11.2,34.5,45.7,31.0,8.0,4.9,14.3,17.6,120.8,0.506,13.2,,0.644,0.265,0.237,0.076,0.067,0.356,,0.578,0.715,0.512,0.45,0.413,0.376,,0.624,0.846,,0.073,465,,0.318,1406,,0.215,0.431,,38.0,2.0,3724,7360,0.506,984,2619,0.376,2740,4741,0.578,1470,1909,0.77,919,2832,3751,2542,656,402,1169,1444,9902,27.0,50.0,32.0,50,32,3.89,0.08,3.97,119.9,116.0,3.9,99.8,0.259,0.356,0.604,,0.573,12.5,26.7,0.2,,0.542,11.3,74.6,0.173,,Ball Arena,"811,211","19,786",50-32,26-15,24-17,18-Dec,32-20,04-Jun,06-Apr,02-Aug,08-Aug,13-Jun,06-Nov,36-19,14-13,06-Aug,31-17,02-Feb,05-Aug,06-Aug,06-Nov,02-Oct,07-Aug,04-Mar,45.1,89.1,0.506,11.9,31.7,0.376,33.2,57.4,0.578,17.8,23.1,0.77,11.1,34.3,45.4,30.8,7.9,4.9,14.2,17.5,119.9
Oklahoma City Thunder,44.6,92.7,0.482,14.5,38.8,0.374,30.1,53.9,0.559,16.7,20.4,0.819,10.6,34.2,44.8,26.9,10.3,5.7,11.7,19.9,120.5,0.482,14.6,,0.581,0.216,0.196,0.123,0.046,0.419,,0.559,0.71,0.466,0.5,0.406,0.374,,0.482,0.849,,0.053,363,,0.263,1164,,0.213,0.404,,5.0,0.0,3660,7600,0.482,1192,3184,0.374,2468,4416,0.559,1369,1672,0.819,871,2801,3672,2202,847,465,961,1632,9881,24.8,68.0,14.0,68,14,12.87,-0.16,12.7,120.3,107.5,12.8,100.0,0.22,0.419,0.593,,0.56,10.3,24.2,0.18,,0.513,14.9,74.6,0.211,,Paycom Center,"754,832","17,973",68-14,Jun-36,Aug-32,29-Jan,39-13,10-0,01-Sep,10-0,04-Dec,13-Mar,14-Jun,Oct-44,24-Apr,04-Jan,May-54,4-0,04-Nov,01-Dec,04-Oct,02-Nov,15-Jan,02-May,44.6,92.6,0.482,14.5,38.8,0.374,30.1,53.8,0.559,16.7,20.4,0.819,10.6,34.1,44.7,26.8,10.3,5.7,11.7,19.9,120.3
Atlanta Hawks,43.4,91.8,0.472,13.5,37.7,0.358,29.9,54.1,0.552,18.0,23.2,0.775,11.9,32.6,44.5,29.6,9.7,5.1,15.5,19.1,118.2,0.472,13.7,,0.59,0.257,0.228,0.077,0.027,0.41,,0.552,0.676,0.473,0.422,0.398,0.358,,0.622,0.815,,0.072,484,,0.263,1089,,0.277,0.405,,20.0,1.0,3556,7528,0.472,1107,3089,0.358,2449,4439,0.552,1472,1900,0.775,974,2675,3649,2426,798,419,1273,1564,9691,24.9,40.0,42.0,38,44,-1.13,-0.28,-1.41,114.6,115.7,-1.1,102.6,0.252,0.41,0.579,,0.546,13.2,26.3,0.196,,0.56,13.8,76.0,0.202,,State Farm Arena,"657,613","16,440",40-42,21-19,19-23,30-22,20-Oct,07-Oct,09-Oct,06-Oct,07-Mar,06-Apr,07-Mar,26-29,14-13,06-Aug,20-21,03-Feb,08-Aug,04-Aug,11-Apr,07-May,05-Sep,04-Apr,42.0,89.0,0.472,13.1,36.5,0.358,29.0,52.5,0.552,17.4,22.5,0.775,11.5,31.6,43.1,28.7,9.4,5.0,15.1,18.5,114.6
Chicago Bulls,43.2,92.0,0.47,15.4,42.0,0.367,27.8,50.0,0.556,16.0,19.7,0.809,10.1,35.8,45.9,29.1,7.6,4.7,14.7,17.6,117.8,0.47,14.6,,0.543,0.264,0.187,0.057,0.036,0.457,,0.556,0.655,0.494,0.428,0.348,0.367,,0.567,0.862,,0.043,277,,0.291,1284,,0.25,0.389,,15.0,2.0,3543,7545,0.47,1266,3447,0.367,2277,4098,0.556,1308,1617,0.809,825,2935,3760,2383,621,386,1203,1444,9660,25.2,39.0,43.0,37,45,-1.56,-0.27,-1.83,114.1,115.6,-1.5,102.8,0.214,0.457,0.585,,0.553,12.7,22.3,0.173,,0.539,10.8,76.6,0.178,,United Center,"825,659","20,138",39-43,18-23,21-20,28-24,19-Nov,07-Nov,12-Apr,13-May,06-Apr,06-Apr,07-Mar,22-33,17-Oct,04-Jun,23-26,02-Mar,11-May,05-Jul,10-Jun,08-Mar,06-Sep,01-Jun,41.9,89.1,0.47,15.0,40.7,0.367,26.9,48.4,0.556,15.5,19.1,0.809,9.7,34.7,44.4,28.2,7.3,4.6,14.2,17.1,114.1
Indiana Pacers,43.6,89.3,0.488,13.2,35.8,0.368,30.4,53.6,0.568,17.0,21.6,0.789,9.2,32.7,41.8,29.2,8.5,5.5,13.2,18.7,117.4,0.488,14.5,,0.6,0.218,0.207,0.111,0.062,0.4,,0.568,0.707,0.519,0.473,0.409,0.368,,0.597,0.842,,0.053,342,,0.276,1221,,0.25,0.401,,22.0,0.0,3574,7326,0.488,1081,2934,0.368,2493,4392,0.568,1395,1768,0.789,752,2678,3430,2398,694,448,1082,1533,9624,25.8,50.0,32.0,46,36,2.23,-0.55,1.68,116.5,114.3,2.2,99.9,0.241,0.4,0.594,,0.562,11.8,21.3,0.19,,0.546,13.1,74.5,0.19,,Gainbridge Fieldhouse,"685,434","16,737",50-32,29-Dec,21-20,29-22,21-Oct,07-Oct,06-Oct,09-Sep,04-Jun,02-Aug,04-Jul,30-23,20-Sep,02-Jun,25-17,03-Feb,08-Jul,07-Jul,02-Oct,05-Jul,06-Nov,01-Jun,43.3,88.7,0.488,13.1,35.5,0.368,30.2,53.2,0.568,16.9,21.4,0.789,9.1,32.4,41.5,29.0,8.4,5.4,13.1,18.6,116.5
Boston Celtics,41.6,90.0,0.462,17.8,48.2,0.368,23.9,41.8,0.571,15.3,19.1,0.799,11.4,33.9,45.3,26.1,7.2,5.5,11.9,15.9,116.3,0.462,17.0,,0.464,0.179,0.168,0.073,0.045,0.536,,0.571,0.748,0.487,0.424,0.416,0.368,,0.505,0.794,,0.054,352,,0.213,936,,0.187,0.393,,12.0,0.0,3413,7382,0.462,1457,3955,0.368,1956,3427,0.571,1251,1565,0.799,933,2783,3716,2144,589,452,973,1303,9534,28.9,61.0,21.0,62,20,9.11,-0.83,8.28,120.6,111.1,9.5,95.7,0.212,0.536,0.591,,0.561,10.8,25.7,0.169,,0.522,11.6,76.0,0.154,,TD Garden,"785,396","19,156",61-21,28-13,Aug-33,39-13,22-Aug,14-Feb,06-Dec,13-May,02-Aug,03-Jul,03-Jul,39-16,22-May,03-Aug,Jul-41,01-Apr,02-Dec,06-Aug,06-Oct,03-Aug,14-Jan,02-May,43.2,93.3,0.462,18.4,50.0,0.368,24.7,43.3,0.571,15.8,19.8,0.799,11.8,35.2,47.0,27.1,7.4,5.7,12.3,16.5,120.6
New York Knicks,43.3,89.2,0.486,12.6,34.1,0.369,30.8,55.1,0.558,16.5,20.7,0.8,10.9,31.8,42.6,27.5,8.2,4.0,13.3,17.2,115.8,0.486,13.5,,0.618,0.27,0.196,0.107,0.045,0.382,,0.558,0.696,0.445,0.477,0.412,0.369,,0.555,0.828,,0.057,377,,0.275,1170,,0.285,0.386,,19.0,0.0,3553,7315,0.486,1031,2794,0.369,2522,4521,0.558,1357,1696,0.8,890,2607,3497,2254,671,324,1088,1407,9494,27.5,51.0,31.0,51,31,4.1,-0.51,3.59,118.5,114.3,4.2,96.7,0.232,0.382,0.589,,0.556,11.9,26.0,0.186,,0.549,13.1,74.5,0.176,,Madison Square Garden (IV),"811,794","19,800",51-31,27-14,24-17,34-18,17-13,04-Dec,10-Jul,15-Apr,04-Jun,06-Apr,03-Jul,36-18,15-13,03-Jul,31-19,02-Feb,06-Sep,02-Dec,06-Sep,04-Jul,07-Aug,04-Apr,44.3,91.3,0.486,12.9,34.9,0.369,31.5,56.4,0.558,16.9,21.2,0.8,11.1,32.5,43.6,28.1,8.4,4.0,13.6,17.6,118.5
Sacramento Kings,43.0,90.1,0.478,12.6,35.2,0.357,30.5,54.9,0.555,17.1,21.2,0.806,11.0,33.2,44.2,26.5,7.6,4.4,13.3,18.9,115.7,0.478,15.0,,0.609,0.171,0.224,0.123,0.092,0.391,,0.555,0.715,0.529,0.479,0.425,0.357,,0.511,0.865,,0.05,341,,0.251,1104,,0.233,0.397,,13.0,0.0,3529,7385,0.478,1032,2887,0.357,2497,4498,0.555,1400,1738,0.806,901,2723,3624,2169,620,357,1092,1548,9490,27.8,40.0,42.0,42,40,0.48,0.11,0.58,116.7,116.2,0.5,98.2,0.235,0.391,0.582,,0.548,11.8,25.4,0.19,,0.557,12.5,76.9,0.2,,Golden 1 Center,"696,409","16,986",40-42,20-21,20-21,14-16,26-26,06-Apr,06-Apr,04-Jun,11-Aug,11-May,13-Apr,28-27,15-Dec,09-Apr,22-19,02-Feb,09-Jul,08-May,04-Oct,05-Jun,11-Jun,03-Apr,43.4,90.8,0.478,12.7,35.5,0.357,30.7,55.3,0.555,17.2,21.4,0.806,11.1,33.5,44.6,26.7,7.6,4.4,13.4,19.0,116.7
Milwaukee Bucks,42.0,86.4,0.486,14.2,36.6,0.387,27.9,49.7,0.56,17.3,23.1,0.75,8.2,35.1,43.4,25.5,7.3,4.7,13.4,17.9,115.5,0.486,15.1,,0.576,0.244,0.15,0.095,0.086,0.424,,0.56,0.715,0.439,0.453,0.449,0.387,,0.479,0.857,,0.064,404,,0.251,1037,,0.242,0.438,,13.0,2.0,3445,7082,0.486,1161,3003,0.387,2284,4079,0.56,1421,1895,0.75,674,2882,3556,2090,601,384,1097,1469,9472,29.3,48.0,34.0,47,35,2.48,-0.36,2.12,115.9,113.4,2.5,99.3,0.268,0.424,0.598,,0.568,12.2,19.3,0.201,,0.533,11.4,76.2,0.174,,Fiserv Forum,"732,014","17,437",48-34,28-14,20-20,31-21,17-13,09-Aug,07-Sep,14-May,05-May,04-Jun,04-Jun,29-24,19-Oct,09-May,25-19,04-Jan,05-Sep,05-Jul,06-Sep,05-Jul,09-Jul,8-0,42.2,86.7,0.486,14.2,36.7,0.387,28.0,49.9,0.56,17.4,23.2,0.75,8.2,35.3,43.5,25.6,7.4,4.7,13.4,18.0,115.9
Detroit Pistons,42.7,89.8,0.476,12.8,35.4,0.362,29.9,54.4,0.55,17.2,22.3,0.774,11.4,33.4,44.8,26.4,8.0,5.3,14.9,20.7,115.5,0.476,13.8,,0.606,0.227,0.251,0.085,0.043,0.394,,0.55,0.693,0.485,0.449,0.366,0.362,,0.517,0.853,,0.085,558,,0.264,1041,,0.24,0.379,,20.0,0.0,3503,7363,0.476,1051,2901,0.362,2452,4462,0.55,1414,1826,0.774,931,2739,3670,2165,652,431,1219,1695,9471,25.8,44.0,38.0,46,36,1.9,-0.17,1.73,115.0,113.1,1.9,99.8,0.248,0.394,0.58,,0.547,13.0,26.2,0.192,,0.539,13.3,76.0,0.214,,Little Caesars Arena,"781,929","19,071",44-38,22-19,22-19,29-23,15-15,13-May,11-May,07-Nov,06-Apr,05-May,04-Jun,29-26,15-Dec,06-Aug,23-17,04-Jan,09-Aug,05-May,06-Oct,03-Sep,06-Sep,05-Feb,42.5,89.4,0.476,12.8,35.2,0.362,29.8,54.2,0.55,17.2,22.2,0.774,11.3,33.3,44.6,26.3,7.9,5.2,14.8,20.6,115.0
Minnesota Timberwolves,41.0,87.6,0.468,15.0,39.9,0.377,26.0,47.7,0.545,17.2,21.8,0.789,11.1,33.2,44.3,26.1,8.0,5.0,14.5,18.3,114.3,0.468,14.7,,0.545,0.238,0.197,0.076,0.034,0.455,,0.545,0.714,0.427,0.409,0.34,0.377,,0.553,0.782,,0.071,446,,0.253,1017,,0.243,0.398,,25.0,0.0,3364,7182,0.468,1233,3269,0.377,2131,3913,0.545,1411,1789,0.789,908,2726,3634,2142,654,406,1186,1498,9372,27.2,49.0,33.0,53,29,5.0,0.15,5.15,116.6,111.5,5.1,97.3,0.249,0.455,0.588,,0.554,13.0,25.8,0.196,,0.532,13.2,75.1,0.178,,Target Center,"772,249","18,835",49-33,25-16,24-17,16-14,33-19,04-Jun,07-Mar,03-Jul,05-Nov,07-Dec,07-Oct,31-25,18-Aug,11-Nov,Sep-31,02-Feb,08-Jul,05-Aug,06-Oct,08-May,03-Nov,01-Jun,41.8,89.3,0.468,15.3,40.7,0.377,26.5,48.7,0.545,17.6,22.3,0.789,11.3,33.9,45.2,26.6,8.1,5.1,14.8,18.6,116.6
Houston Rockets,42.5,93.4,0.455,12.7,35.8,0.353,29.8,57.6,0.518,16.7,22.6,0.738,14.6,33.8,48.5,23.3,8.4,5.0,13.9,19.0,114.3,0.455,14.0,,0.616,0.234,0.219,0.099,0.064,0.384,,0.518,0.674,0.447,0.401,0.371,0.353,,0.447,0.79,,0.066,439,,0.282,1144,,0.205,0.373,,16.0,0.0,3484,7659,0.455,1038,2938,0.353,2446,4721,0.518,1366,1851,0.738,1200,2774,3974,1914,689,411,1139,1557,9372,24.9,52.0,30.0,52,30,4.51,0.45,4.97,115.3,110.8,4.5,98.6,0.242,0.384,0.553,,0.523,11.8,31.7,0.178,,0.528,12.8,76.2,0.186,,Toyota Center,"716,853","17,484",52-30,29-Dec,23-18,21-Sep,31-21,04-Jun,03-Jul,02-Aug,09-Sep,09-Sep,13-Mar,34-21,18-Sep,05-Aug,26-Dec,02-Mar,04-Nov,05-Jul,04-Nov,07-May,05-Dec,03-Mar,42.9,94.2,0.455,12.8,36.2,0.353,30.1,58.1,0.518,16.8,22.8,0.738,14.8,34.1,48.9,23.6,8.5,5.1,14.0,19.2,115.3
Dallas Mavericks,42.0,87.7,0.479,12.4,34.2,0.364,29.5,53.6,0.552,17.8,23.1,0.77,10.1,33.0,43.0,25.2,7.8,5.4,14.0,17.8,114.2,0.479,13.9,,0.611,0.227,0.23,0.099,0.056,0.389,,0.552,0.726,0.458,0.443,0.418,0.364,,0.515,0.806,,0.06,372,,0.252,1076,,0.261,0.379,,15.0,0.0,3443,7194,0.479,1020,2801,0.364,2423,4393,0.552,1458,1894,0.77,828,2702,3530,2070,636,445,1151,1458,9364,27.5,39.0,43.0,38,44,-1.2,0.46,-0.74,114.8,116.0,-1.2,99.2,0.263,0.389,0.583,,0.549,12.5,23.3,0.203,,0.54,11.6,73.1,0.179,,American Airlines Center,"783,197","19,580",39-43,22-18,17-25,16-14,23-29,05-May,07-Mar,02-Aug,08-Oct,13-May,08-Aug,30-26,17-Sep,08-May,17-24,02-Mar,06-Sep,05-Aug,10-Jun,05-Jun,11-May,04-Feb,42.2,88.2,0.479,12.5,34.3,0.364,29.7,53.9,0.552,17.9,23.2,0.77,10.2,33.1,43.3,25.4,7.8,5.5,14.1,17.9,114.8
San Antonio Spurs,41.8,89.8,0.465,14.1,39.6,0.357,27.7,50.2,0.551,16.2,21.0,0.774,10.9,32.7,43.7,28.6,8.2,5.5,13.9,16.6,113.9,0.465,14.6,,0.559,0.256,0.171,0.083,0.05,0.441,,0.551,0.694,0.435,0.437,0.403,0.357,,0.595,0.862,,0.071,456,,0.26,1091,,0.249,0.397,,18.0,0.0,3426,7362,0.465,1158,3246,0.357,2268,4116,0.551,1332,1721,0.774,896,2685,3581,2348,674,455,1138,1363,9342,26.0,34.0,48.0,34,48,-2.76,0.31,-2.45,114.4,117.2,-2.8,99.3,0.234,0.441,0.575,,0.544,12.3,24.3,0.181,,0.551,12.0,73.0,0.158,,Frost Bank Center,"731,474","17,976",34-48,20-21,14-27,18-Dec,22-30,04-Jun,08-Feb,06-Apr,08-Oct,11-Jul,11-May,23-29,19-Nov,07-Jul,17-32,03-Feb,06-Aug,07-Jul,08-Apr,09-Mar,10-Jul,05-Mar,42.0,90.2,0.465,14.2,39.8,0.357,27.8,50.4,0.551,16.3,21.1,0.774,11.0,32.9,43.9,28.8,8.3,5.6,13.9,16.7,114.4
Golden State Warriors,40.8,90.4,0.451,15.4,42.4,0.364,25.3,48.0,0.528,16.9,22.1,0.764,12.5,32.8,45.4,29.1,9.4,4.8,14.0,19.2,113.8,0.451,15.4,,0.531,0.168,0.252,0.068,0.043,0.469,,0.528,0.689,0.483,0.404,0.353,0.364,,0.616,0.874,,0.052,339,,0.294,1197,,0.238,0.389,,22.0,1.0,3342,7412,0.451,1264,3475,0.364,2078,3937,0.528,1383,1811,0.764,1029,2692,3721,2386,771,391,1152,1571,9331,28.6,48.0,34.0,49,33,3.3,0.25,3.56,115.0,111.7,3.3,98.7,0.244,0.469,0.568,,0.536,12.3,27.3,0.187,,0.541,14.1,75.6,0.189,,Chase Center,"740,624","18,064",48-34,24-17,24-17,19-Nov,29-23,04-Jun,04-Jun,03-Jul,05-Nov,11-May,13-Jul,28-27,20-Jul,06-Jun,26-15,01-Apr,06-Aug,09-Apr,08-Aug,03-Aug,04-Nov,03-May,41.2,91.4,0.451,15.6,42.8,0.364,25.6,48.5,0.528,17.0,22.3,0.764,12.7,33.2,45.9,29.4,9.5,4.8,14.2,19.4,115.0
Phoenix Suns,41.2,86.3,0.478,14.3,38.0,0.378,26.9,48.3,0.556,16.8,20.8,0.81,9.5,32.9,42.5,27.8,7.2,4.8,14.1,17.9,113.6,0.478,15.8,,0.56,0.143,0.199,0.156,0.061,0.44,,0.556,0.756,0.485,0.495,0.478,0.378,,0.558,0.889,,0.053,321,,0.184,759,,0.29,0.425,,7.0,0.0,3381,7075,0.478,1176,3112,0.378,2205,3963,0.556,1379,1702,0.81,783,2701,3484,2277,593,392,1153,1471,9317,29.1,36.0,46.0,34,48,-3.0,0.45,-2.55,116.2,119.3,-3.1,97.1,0.241,0.44,0.595,,0.561,12.8,22.6,0.195,,0.552,10.9,74.1,0.191,,Footprint Center,"699,911","17,071",36-46,24-17,29-Dec,14-16,22-30,06-Apr,05-May,05-May,12-Jul,07-Sep,11-Jun,26-28,18-Oct,05-Jul,13-26,01-Apr,07-Jul,09-Apr,05-Oct,10-Mar,08-Jul,06-Jan,42.2,88.2,0.478,14.7,38.8,0.378,27.5,49.4,0.556,17.2,21.2,0.81,9.8,33.7,43.4,28.4,7.4,4.9,14.4,18.3,116.2
Los Angeles Lakers,40.9,85.5,0.479,13.3,36.4,0.366,27.6,49.1,0.562,18.2,23.2,0.785,9.7,32.8,42.4,26.0,7.7,4.5,14.0,17.3,113.4,0.479,14.8,,0.575,0.218,0.203,0.097,0.056,0.425,,0.562,0.753,0.468,0.429,0.395,0.366,,0.555,0.801,,0.077,491,,0.247,1022,,0.239,0.394,,18.0,0.0,3356,7007,0.479,1092,2981,0.366,2264,4026,0.562,1494,1902,0.785,792,2687,3479,2131,633,367,1145,1415,9298,27.9,50.0,32.0,44,38,1.22,0.23,1.45,115.9,114.7,1.2,97.6,0.271,0.425,0.593,,0.557,12.7,23.3,0.213,,0.539,12.2,74.5,0.178,,Crypto.com Arena,"767,626","18,723",50-32,31-Oct,19-22,14-16,36-16,03-Jul,08-Feb,05-May,08-Nov,04-Dec,13-Apr,32-20,18-Dec,06-Apr,22-21,02-Mar,06-Aug,06-Jul,05-Sep,02-Oct,08-Sep,03-Apr,41.8,87.3,0.479,13.6,37.2,0.366,28.2,50.2,0.562,18.6,23.7,0.785,9.9,33.5,43.4,26.6,7.9,4.6,14.3,17.6,115.9
Los Angeles Clippers,41.6,86.3,0.482,12.5,33.4,0.373,29.1,52.9,0.55,17.3,21.7,0.797,10.3,33.5,43.8,25.2,9.4,4.5,14.9,18.3,112.9,0.482,13.9,,0.613,0.208,0.256,0.108,0.042,0.387,,0.55,0.707,0.486,0.456,0.408,0.373,,0.549,0.738,,0.074,476,,0.231,888,,0.23,0.403,,7.0,0.0,3409,7075,0.482,1022,2738,0.373,2387,4337,0.55,1416,1776,0.797,841,2750,3591,2064,773,370,1220,1503,9256,29.7,50.0,32.0,53,29,4.66,0.18,4.84,115.1,110.3,4.8,97.5,0.251,0.387,0.589,,0.554,13.4,24.4,0.2,,0.536,13.7,77.5,0.189,,Intuit Dome,"679,593","16,575",50-32,30-Nov,20-21,21-Sep,29-23,03-Jul,06-Apr,10-0,10-Aug,07-Sep,06-Dec,31-23,19-Sep,07-May,32-13,03-Feb,06-Oct,05-Jul,06-Sep,07-Apr,05-Nov,7-0,42.4,87.9,0.482,12.7,34.0,0.373,29.7,53.9,0.55,17.6,22.1,0.797,10.5,34.2,44.6,25.7,9.6,4.6,15.2,18.7,115.1
Utah Jazz,40.3,88.7,0.454,14.0,39.8,0.35,26.4,48.8,0.54,17.3,22.4,0.774,12.0,33.4,45.4,25.5,6.8,4.4,17.2,18.9,111.9,0.454,14.8,,0.551,0.166,0.276,0.078,0.031,0.449,,0.54,0.699,0.495,0.423,0.368,0.35,,0.532,0.824,,0.067,435,,0.262,1041,,0.274,0.402,,15.0,1.0,3305,7272,0.454,1144,3267,0.35,2161,4005,0.54,1421,1836,0.774,983,2741,3724,2093,555,360,1412,1549,9175,23.9,17.0,65.0,20,62,-9.34,0.83,-8.51,111.2,120.4,-9.2,100.0,0.252,0.449,0.568,,0.533,14.9,26.9,0.195,,0.559,10.3,74.1,0.185,,Delta Center,"745,175","18,175",17-65,31-Oct,7-34,21-Sep,8-44,07-Mar,08-Feb,06-Apr,13-Mar,17-Feb,14-Mar,13-41,24-Apr,08-May,8-37,0-5,10-Apr,09-Mar,12-Mar,08-May,16-Jan,05-Jan,40.0,88.1,0.454,13.9,39.6,0.35,26.2,48.5,0.54,17.2,22.2,0.774,11.9,33.2,45.1,25.4,6.7,4.4,17.1,18.8,111.2
Toronto Raptors,41.6,91.0,0.458,11.8,34.0,0.348,29.8,57.0,0.523,15.8,21.1,0.748,12.6,32.5,45.1,28.5,8.1,4.2,15.3,21.2,110.9,0.458,13.0,,0.627,0.283,0.217,0.094,0.033,0.373,,0.523,0.654,0.407,0.459,0.347,0.348,,0.599,0.904,,0.054,339,,0.313,1278,,0.283,0.381,,21.0,0.0,3414,7462,0.458,969,2786,0.348,2445,4676,0.523,1294,1729,0.748,1034,2666,3700,2340,664,348,1257,1738,9091,24.5,30.0,52.0,30,52,-4.29,-0.11,-4.4,110.5,114.8,-4.3,99.7,0.232,0.373,0.553,,0.522,13.3,27.3,0.173,,0.541,13.2,73.9,0.222,,Scotiabank Arena,"768,573","18,746",30-52,18-23,29-Dec,21-31,21-Sep,08-Aug,16-Feb,07-Nov,07-Mar,06-Apr,08-Feb,17-38,13-14,09-Jul,16-28,04-Jan,11-Apr,11-Feb,07-Aug,09-Mar,05-Oct,05-Feb,41.5,90.7,0.458,11.8,33.9,0.348,29.7,56.8,0.523,15.7,21.0,0.748,12.6,32.4,45.0,28.4,8.1,4.2,15.3,21.1,110.5
Portland Trail Blazers,40.5,90.2,0.45,12.9,37.7,0.342,27.7,52.5,0.527,16.9,22.2,0.762,13.4,31.4,44.8,23.8,8.3,5.3,16.0,19.0,110.9,0.45,14.1,,0.582,0.268,0.197,0.069,0.047,0.418,,0.527,0.675,0.39,0.418,0.421,0.342,,0.48,0.816,,0.064,408,,0.305,1221,,0.234,0.345,,19.0,1.0,3325,7396,0.45,1057,3095,0.342,2268,4301,0.527,1386,1820,0.762,1095,2576,3671,1952,678,433,1309,1558,9093,23.8,36.0,46.0,33,49,-2.98,0.31,-2.67,111.7,114.7,-3.0,98.8,0.246,0.418,0.555,,0.521,13.8,29.2,0.187,,0.543,13.6,72.5,0.204,,Moda Center,"719,369","17,546",36-46,22-19,14-27,17-13,19-33,06-Apr,06-Apr,01-Sep,10-Jun,12-Jun,11-Jul,23-32,13-14,04-Jul,19-30,03-Feb,09-Jun,09-Mar,08-Aug,04-Aug,10-May,03-Apr,40.8,90.9,0.45,13.0,38.0,0.342,27.9,52.8,0.527,17.0,22.4,0.762,13.5,31.6,45.1,24.0,8.3,5.3,16.1,19.1,111.7
Miami Heat,40.5,87.0,0.465,13.7,37.3,0.367,26.8,49.7,0.538,16.0,20.2,0.791,9.7,33.7,43.4,26.4,8.1,3.8,13.6,15.5,110.6,0.465,14.4,,0.571,0.211,0.229,0.098,0.033,0.429,,0.538,0.678,0.461,0.451,0.434,0.367,,0.541,0.872,,0.056,356,,0.247,982,,0.28,0.394,,15.0,0.0,3318,7138,0.465,1124,3060,0.367,2194,4078,0.538,1309,1654,0.791,798,2760,3558,2166,668,314,1114,1275,9069,26.8,37.0,45.0,42,40,0.56,-0.45,0.11,113.5,112.9,0.6,96.2,0.232,0.429,0.576,,0.544,12.4,22.3,0.183,,0.543,12.5,75.8,0.157,,Kaseya Center,"808,337","19,716",37-45,19-22,18-23,24-28,13-17,08-Oct,14-Apr,06-Oct,07-Mar,06-Apr,04-Jun,25-28,17-Dec,11-Mar,22-18,02-Feb,06-Jul,06-Jul,09-Jul,07-May,11-Jun,04-Mar,41.5,89.3,0.465,14.1,38.3,0.367,27.5,51.0,0.538,16.4,20.7,0.791,10.0,34.5,44.5,27.1,8.4,3.9,13.9,16.0,113.5
New Orleans Pelicans,40.6,89.9,0.452,12.0,34.6,0.347,28.6,55.2,0.518,16.5,21.9,0.754,12.1,31.5,43.6,25.8,8.5,5.2,14.6,18.3,109.8,0.452,13.7,,0.615,0.25,0.213,0.104,0.047,0.385,,0.518,0.666,0.417,0.432,0.379,0.347,,0.552,0.835,,0.063,396,,0.27,1091,,0.25,0.365,,6.0,0.0,3332,7368,0.452,986,2839,0.347,2346,4529,0.518,1356,1799,0.754,993,2583,3576,2119,701,429,1201,1499,9006,25.9,21.0,61.0,20,62,-9.43,0.84,-8.59,110.4,119.9,-9.5,99.1,0.244,0.385,0.552,,0.519,12.8,26.3,0.184,,0.564,12.3,72.7,0.19,,Smoothie King Center,"689,400","16,815",21-61,14-27,7-34,23-Aug,13-38,08-Feb,08-Mar,07-Mar,12-Jun,13-Apr,13-Mar,13-42,19-Aug,08-Mar,6-38,03-Feb,13-Feb,12-Jan,09-Jul,07-Apr,10-May,0-7,40.8,90.3,0.452,12.1,34.8,0.347,28.8,55.5,0.518,16.6,22.1,0.754,12.2,31.7,43.8,26.0,8.6,5.3,14.7,18.4,110.4
Philadelphia 76ers,39.7,87.4,0.454,12.7,37.2,0.341,27.0,50.2,0.537,17.5,22.5,0.78,10.4,29.4,39.8,23.2,9.2,4.5,13.6,19.0,109.6,0.454,14.6,,0.574,0.253,0.184,0.084,0.053,0.426,,0.537,0.676,0.433,0.448,0.381,0.341,,0.485,0.795,,0.055,345,,0.283,1115,,0.2,0.386,,25.0,0.0,3254,7168,0.454,1041,3050,0.341,2213,4118,0.537,1439,1844,0.78,852,2411,3263,1901,752,366,1117,1556,8988,27.1,24.0,58.0,26,56,-6.23,-0.06,-6.29,111.9,118.2,-6.3,97.4,0.257,0.426,0.563,,0.527,12.3,23.4,0.201,,0.57,14.3,71.8,0.194,,Wells Fargo Center,"813,621","19,844",24-58,29-Dec,29-Dec,15-37,21-Sep,13-Mar,13-May,11-Jul,07-Mar,07-Mar,07-Mar,20-34,24-Apr,04-Apr,10-35,03-Jan,11-Mar,03-Sep,11-Jun,10-Jan,14-Mar,06-Jan,40.5,89.2,0.454,13.0,38.0,0.341,27.5,51.3,0.537,17.9,23.0,0.78,10.6,30.0,40.6,23.7,9.4,4.6,13.9,19.4,111.9
Washington Wizards,39.4,89.9,0.439,13.1,39.1,0.335,26.3,50.7,0.519,16.0,20.6,0.778,10.6,33.1,43.7,25.1,7.6,5.1,15.6,19.7,108.0,0.439,15.1,,0.565,0.213,0.225,0.079,0.047,0.435,,0.519,0.703,0.417,0.383,0.397,0.335,,0.549,0.813,,0.052,350,,0.263,1044,,0.166,0.348,,21.0,0.0,3233,7371,0.439,1075,3210,0.335,2158,4161,0.519,1315,1690,0.778,867,2716,3583,2058,623,420,1276,1618,8856,23.5,18.0,64.0,15,67,-12.44,0.3,-12.14,106.8,119.1,-12.3,100.9,0.229,0.435,0.546,,0.512,13.6,22.7,0.178,,0.548,11.4,71.9,0.202,,Capital One Arena,"663,691","16,084",18-64,8-33,31-Oct,13-39,25-May,14-Apr,16-Feb,09-Jul,06-Apr,09-Jan,0-10,9-45,19-Sep,02-Jul,5-53,02-Feb,0-14,09-Mar,16-Jan,07-Apr,11-Jun,05-Feb,39.0,88.9,0.439,13.0,38.7,0.335,26.0,50.2,0.519,15.9,20.4,0.778,10.5,32.7,43.2,24.8,7.5,5.1,15.4,19.5,106.8
Orlando Magic,38.2,85.8,0.445,11.2,35.3,0.318,26.9,50.5,0.533,17.9,23.0,0.775,11.1,30.7,41.8,23.0,8.9,6.0,14.2,20.1,105.4,0.445,14.5,,0.589,0.225,0.214,0.09,0.06,0.411,,0.533,0.701,0.451,0.408,0.388,0.318,,0.505,0.837,,0.066,396,,0.26,1037,,0.27,0.352,,24.0,0.0,3130,7034,0.445,921,2892,0.318,2209,4142,0.533,1464,1890,0.775,914,2517,3431,1887,729,488,1165,1648,8645,24.9,41.0,41.0,41,41,-0.12,-0.58,-0.7,109.4,109.6,-0.2,96.1,0.269,0.411,0.55,,0.51,12.9,25.3,0.208,,0.538,15.0,77.0,0.22,,Kia Center,"762,121","18,588",41-41,22-19,19-22,31-21,20-Oct,08-Nov,09-Aug,04-Dec,0-10,04-Jun,06-Apr,27-29,14-Dec,07-Apr,22-20,02-Mar,05-Nov,07-Jun,11-Apr,07-May,08-Jul,01-May,39.6,89.0,0.445,11.7,36.6,0.318,28.0,52.4,0.533,18.5,23.9,0.775,11.6,31.9,43.4,23.9,9.2,6.2,14.7,20.9,109.4
Charlotte Hornets,38.3,89.1,0.43,13.0,38.3,0.339,25.3,50.8,0.499,15.5,19.8,0.783,12.2,33.0,45.2,24.3,7.4,4.5,15.5,18.7,105.1,0.43,14.6,,0.57,0.226,0.223,0.082,0.04,0.43,,0.499,0.674,0.397,0.353,0.371,0.339,,0.54,0.819,,0.059,379,,0.249,949,,0.235,0.369,,22.0,0.0,3142,7308,0.43,1065,3143,0.339,2077,4165,0.499,1269,1621,0.783,1003,2703,3706,1994,607,368,1271,1535,8618,25.1,19.0,63.0,20,62,-9.11,0.01,-9.1,107.3,116.6,-9.3,97.6,0.222,0.43,0.537,,0.503,13.7,26.5,0.174,,0.547,11.9,74.5,0.19,,Spectrum Center,"703,935","17,169",19-63,29-Dec,7-34,10-42,21-Sep,15-Mar,12-Jun,15-Jan,08-Feb,08-Feb,05-May,13-39,24-Jun,07-Aug,5-39,02-Feb,12-Apr,11-Jan,08-May,11-Feb,12-May,0-7,39.1,91.0,0.43,13.3,39.1,0.339,25.9,51.8,0.499,15.8,20.2,0.783,12.5,33.6,46.1,24.8,7.6,4.6,15.8,19.1,107.3
Brooklyn Nets,37.6,86.1,0.437,13.6,39.4,0.344,24.1,46.7,0.515,16.3,20.7,0.787,10.9,30.4,41.3,25.2,7.8,4.3,15.2,20.7,105.1,0.437,14.7,,0.542,0.228,0.214,0.07,0.03,0.458,,0.515,0.673,0.399,0.412,0.386,0.344,,0.54,0.897,,0.051,305,,0.277,1021,,0.265,0.348,,14.0,0.0,3086,7060,0.437,1113,3232,0.344,1973,3828,0.515,1334,1696,0.787,894,2493,3387,2063,639,352,1244,1698,8619,24.7,26.0,56.0,23,59,-7.11,0.16,-6.95,108.5,115.8,-7.3,96.4,0.24,0.458,0.552,,0.516,13.7,24.5,0.189,,0.557,13.7,75.0,0.218,,Barclays Center,"713,304","17,398",26-56,29-Dec,14-27,14-37,19-Dec,13-Mar,13-May,11-Jun,09-Jan,06-Apr,04-Jul,20-34,22-Jun,07-Aug,7-32,03-Feb,08-Jul,09-Mar,13-Mar,05-Jun,13-Apr,05-Jan,38.8,88.8,0.437,14.0,40.7,0.344,24.8,48.2,0.515,16.8,21.3,0.787,11.3,31.4,42.6,26.0,8.0,4.4,15.7,21.4,108.5
